record_id,emp_id,date,check_in,check_out,work_hours,status
ATT00001,EMP0208,2024-12-18,07:00:31,18:14:54,11.24,present
ATT00002,EMP0018,2024-12-18,,,,absent
ATT00003,EMP0044,2024-11-13,08:19:49,17:41:35,9.36,present
ATT00004,EMP0384,2024-11-20,,,,absent
ATT00005,EMP0357,2024-10-29,08:09:00,17:14:49,9.1,present
ATT00006,EMP0090,2024-11-26,09:26:25,16:46:50,7.34,late
ATT00007,EMP0038,2024-10-21,08:42:25,17:36:53,8.91,present
ATT00008,EMP0439,2024-10-11,09:07:42,18:24:04,9.27,present
ATT00009,EMP0264,2024-10-03,08:46:17,20:02:23,11.27,present
ATT00010,EMP0398,2024-10-30,08:16:36,17:51:11,9.58,present
ATT00011,EMP0468,2024-11-27,,,,leave
ATT00012,EMP0236,2024-10-07,09:10:04,18:05:27,8.92,present
ATT00013,EMP0090,2024-10-18,09:04:04,17:36:49,8.55,present
ATT00014,EMP0439,2024-11-11,09:05:21,19:17:01,10.19,present
ATT00015,EMP0006,2024-12-06,,,,absent
ATT00016,EMP0004,2024-10-10,08:59:42,17:36:46,8.62,present
ATT00017,EMP0247,2024-10-22,,,,absent
ATT00018,EMP0137,2024-10-07,08:37:13,18:28:35,9.86,present
ATT00019,EMP0360,2024-10-14,08:22:51,17:03:30,8.68,present
ATT00020,EMP0016,2024-12-24,07:51:08,16:38:10,8.78,present
ATT00021,EMP0367,2024-12-09,,,,leave
ATT00022,EMP0174,2024-12-09,08:10:42,16:32:39,8.37,present
ATT00023,EMP0287,2024-11-12,09:07:06,17:46:42,8.66,wfh
ATT00024,EMP0438,2024-12-26,07:09:19,17:12:36,10.05,present
ATT00025,EMP0391,2024-11-14,07:48:45,19:57:39,12.15,present
ATT00026,EMP0214,2024-12-20,08:29:34,20:25:02,11.92,present
ATT00027,EMP0304,2024-10-28,09:28:04,17:27:31,7.99,late
ATT00028,EMP0289,2024-12-04,08:14:05,17:08:28,8.91,present
ATT00029,EMP0137,2024-10-25,,,,leave
ATT00030,EMP0176,2024-10-31,,,,absent
ATT00031,EMP0247,2024-11-14,09:06:43,16:44:21,7.63,present
ATT00032,EMP0100,2024-12-05,09:09:33,20:41:34,11.53,present
ATT00033,EMP0477,2024-10-03,08:22:15,17:40:43,9.31,present
ATT00034,EMP0278,2024-11-22,08:57:58,18:12:07,9.24,present
ATT00035,EMP0090,2024-10-08,09:55:49,19:21:19,9.43,late
ATT00036,EMP0292,2024-12-12,07:01:32,18:11:14,11.16,present
ATT00037,EMP0458,2024-11-11,09:24:02,17:07:37,7.73,late
ATT00038,EMP0260,2024-10-23,07:22:53,16:54:22,9.52,present
ATT00039,EMP0403,2024-12-03,08:51:24,18:18:36,9.45,present
ATT00040,EMP0128,2024-12-11,09:07:51,18:30:00,9.37,present
ATT00041,EMP0272,2024-12-13,09:15:08,19:35:29,10.34,late
ATT00042,EMP0292,2024-12-19,09:34:19,19:31:25,9.95,late
ATT00043,EMP0284,2024-12-09,08:36:28,20:59:19,12.38,present
ATT00044,EMP0295,2024-12-04,07:26:52,17:24:56,9.97,present
ATT00045,EMP0209,2024-11-27,08:27:44,16:38:54,8.19,present
ATT00046,EMP0428,2024-12-11,,,,absent
ATT00047,EMP0082,2024-11-06,09:17:01,19:15:22,9.97,late
ATT00048,EMP0151,2024-11-07,08:44:14,20:12:02,11.46,present
ATT00049,EMP0459,2024-11-04,09:32:36,19:39:11,10.11,late
ATT00050,EMP0364,2024-11-04,08:28:05,17:56:40,9.48,present
ATT00051,EMP0472,2024-12-04,08:41:22,17:36:44,8.92,present
ATT00052,EMP0295,2024-12-12,08:14:20,17:03:44,8.82,present
ATT00053,EMP0239,2024-11-25,08:37:29,16:35:23,7.96,present
ATT00054,EMP0131,2024-12-10,08:07:10,17:29:26,9.37,present
ATT00055,EMP0088,2024-12-24,09:03:27,18:15:05,9.19,present
ATT00056,EMP0065,2024-12-19,08:39:18,18:39:25,10.0,present
ATT00057,EMP0183,2024-12-12,08:59:18,19:42:27,10.72,present
ATT00058,EMP0034,2024-11-05,09:34:21,18:55:57,9.36,late
ATT00059,EMP0133,2024-11-29,09:29:19,18:50:04,9.35,late
ATT00060,EMP0353,2024-10-29,08:39:07,19:36:59,10.96,present
ATT00061,EMP0425,2024-12-09,08:37:15,17:53:45,9.27,present
ATT00062,EMP0326,2024-12-17,08:17:37,20:18:14,12.01,present
ATT00063,EMP0110,2024-12-18,08:56:17,19:16:01,10.33,present
ATT00064,EMP0018,2024-11-06,08:48:43,17:09:14,8.34,present
ATT00065,EMP0246,2024-10-31,07:37:21,19:08:38,11.52,wfh
ATT00066,EMP0168,2024-10-28,09:07:46,17:36:42,8.48,wfh
ATT00067,EMP0412,2024-12-11,08:41:49,18:06:15,9.41,present
ATT00068,EMP0369,2024-11-05,,,,absent
ATT00069,EMP0094,2024-12-12,07:06:00,20:08:03,13.03,present
ATT00070,EMP0196,2024-12-23,09:02:07,20:48:02,11.77,present
ATT00071,EMP0151,2024-10-23,08:20:19,18:12:18,9.87,present
ATT00072,EMP0491,2024-12-26,09:11:50,19:23:21,10.19,present
ATT00073,EMP0195,2024-10-07,08:51:37,17:54:49,9.05,present
ATT00074,EMP0435,2024-10-17,07:02:15,16:31:19,9.48,present
ATT00075,EMP0042,2024-10-15,08:36:27,18:24:59,9.81,present
ATT00076,EMP0016,2024-10-02,07:09:46,17:36:03,10.44,present
ATT00077,EMP0035,2024-11-28,07:09:57,18:06:08,10.94,wfh
ATT00078,EMP0056,2024-11-26,07:13:46,20:21:54,13.14,present
ATT00079,EMP0224,2024-11-05,08:55:22,19:12:21,10.28,wfh
ATT00080,EMP0479,2024-10-28,08:21:40,20:00:35,11.65,present
ATT00081,EMP0131,2024-11-25,08:51:05,17:04:16,8.22,present
ATT00082,EMP0042,2024-12-04,09:05:35,18:12:16,9.11,present
ATT00083,EMP0402,2024-11-26,,,,absent
ATT00084,EMP0373,2024-12-19,,,,absent
ATT00085,EMP0302,2024-11-29,09:05:25,19:14:05,10.14,wfh
ATT00086,EMP0453,2024-10-31,07:14:59,18:03:56,10.82,present
ATT00087,EMP0178,2024-11-22,07:18:56,17:12:53,9.9,wfh
ATT00088,EMP0061,2024-10-29,08:10:59,17:02:54,8.87,present
ATT00089,EMP0094,2024-10-29,07:12:19,20:18:11,13.1,present
ATT00090,EMP0269,2024-10-22,08:26:13,17:01:19,8.58,present
ATT00091,EMP0339,2024-12-12,07:42:28,19:32:47,11.84,present
ATT00092,EMP0099,2024-12-24,09:10:51,19:50:52,10.67,present
ATT00093,EMP0451,2024-11-19,08:53:01,16:47:50,7.91,present
ATT00094,EMP0443,2024-11-13,09:05:45,17:36:55,8.52,present
ATT00095,EMP0068,2024-10-25,08:24:48,16:34:56,8.17,wfh
ATT00096,EMP0284,2024-10-17,09:01:41,20:28:56,11.45,wfh
ATT00097,EMP0485,2024-10-08,,,,absent
ATT00098,EMP0084,2024-12-06,08:04:29,18:12:02,10.13,present
ATT00099,EMP0301,2024-12-06,08:13:53,18:03:09,9.82,present
ATT00100,EMP0303,2024-10-30,07:34:50,18:03:10,10.47,present
ATT00101,EMP0493,2024-10-03,09:50:39,18:27:25,8.61,late
ATT00102,EMP0375,2024-12-04,09:26:28,18:46:55,9.34,late
ATT00103,EMP0282,2024-11-01,07:12:12,17:33:09,10.35,present
ATT00104,EMP0286,2024-10-03,,,,leave
ATT00105,EMP0310,2024-12-02,08:50:14,16:34:01,7.73,present
ATT00106,EMP0210,2024-10-15,07:21:25,17:13:13,9.86,present
ATT00107,EMP0236,2024-10-11,09:29:01,17:12:16,7.72,late
ATT00108,EMP0108,2024-10-24,09:44:28,17:46:44,8.04,late
ATT00109,EMP0402,2024-11-22,09:57:57,19:50:29,9.88,late
ATT00110,EMP0435,2024-12-10,,,,absent
ATT00111,EMP0093,2024-10-21,08:59:52,16:44:54,7.75,present
ATT00112,EMP0430,2024-11-05,,,,absent
ATT00113,EMP0408,2024-11-27,08:09:49,20:39:39,12.5,present
ATT00114,EMP0179,2024-10-15,09:35:15,16:35:17,7.0,late
ATT00115,EMP0223,2024-12-27,09:05:13,16:32:57,7.46,present
ATT00116,EMP0013,2024-12-13,07:58:14,18:52:31,10.9,wfh
ATT00117,EMP0104,2024-12-04,07:15:01,17:17:45,10.05,present
ATT00118,EMP0157,2024-11-04,07:02:08,18:29:04,11.45,present
ATT00119,EMP0322,2024-11-19,08:51:47,16:32:29,7.68,present
ATT00120,EMP0331,2024-10-04,,,,absent
ATT00121,EMP0309,2024-11-26,09:02:10,17:18:03,8.26,present
ATT00122,EMP0103,2024-10-09,08:03:28,19:58:53,11.92,present
ATT00123,EMP0420,2024-11-12,08:42:56,20:46:49,12.06,present
ATT00124,EMP0451,2024-11-25,,,,leave
ATT00125,EMP0163,2024-12-19,07:53:58,20:41:40,12.8,present
ATT00126,EMP0278,2024-11-29,09:35:52,18:26:06,8.84,late
ATT00127,EMP0028,2024-11-18,08:50:53,17:59:16,9.14,present
ATT00128,EMP0482,2024-12-20,07:24:23,17:34:55,10.18,present
ATT00129,EMP0425,2024-10-15,08:09:50,20:40:09,12.51,wfh
ATT00130,EMP0207,2024-10-07,08:32:55,17:11:09,8.64,present
ATT00131,EMP0080,2024-10-02,,,,leave
ATT00132,EMP0475,2024-10-03,08:38:02,18:24:25,9.77,present
ATT00133,EMP0186,2024-12-06,08:18:45,18:58:32,10.66,present
ATT00134,EMP0122,2024-12-24,09:11:09,17:31:15,8.33,present
ATT00135,EMP0243,2024-12-09,09:03:28,17:50:11,8.78,present
ATT00136,EMP0025,2024-11-18,07:08:05,17:03:07,9.92,present
ATT00137,EMP0447,2024-12-06,08:29:32,16:37:44,8.14,present
ATT00138,EMP0208,2024-12-04,08:44:35,19:51:58,11.12,present
ATT00139,EMP0322,2024-12-16,09:09:03,17:29:54,8.35,present
ATT00140,EMP0263,2024-11-29,07:55:52,20:18:44,12.38,present
ATT00141,EMP0081,2024-12-02,07:51:40,17:38:09,9.77,present
ATT00142,EMP0466,2024-11-15,,,,absent
ATT00143,EMP0353,2024-11-04,08:06:37,18:44:22,10.63,present
ATT00144,EMP0309,2024-11-20,,,,absent
ATT00145,EMP0165,2024-10-15,07:38:20,17:31:06,9.88,present
ATT00146,EMP0287,2024-10-15,07:11:09,20:24:47,13.23,present
ATT00147,EMP0429,2024-11-26,,,,absent
ATT00148,EMP0320,2024-10-21,08:15:14,20:11:10,11.93,present
ATT00149,EMP0017,2024-10-23,07:23:54,18:09:09,10.75,present
ATT00150,EMP0491,2024-10-18,,,,absent
ATT00151,EMP0150,2024-10-14,07:24:11,19:43:20,12.32,present
ATT00152,EMP0108,2024-12-05,09:12:16,19:54:12,10.7,present
ATT00153,EMP0042,2024-10-28,07:47:47,16:52:34,9.08,present
ATT00154,EMP0367,2024-11-12,07:12:18,18:19:28,11.12,present
ATT00155,EMP0499,2024-10-16,,,,absent
ATT00156,EMP0047,2024-10-02,07:19:32,20:32:38,13.22,present
ATT00157,EMP0468,2024-10-02,08:59:21,16:38:29,7.65,present
ATT00158,EMP0476,2024-11-29,07:51:10,16:57:23,9.1,present
ATT00159,EMP0398,2024-10-14,08:43:24,18:04:39,9.35,present
ATT00160,EMP0096,2024-12-20,08:12:50,20:31:16,12.31,present
ATT00161,EMP0407,2024-11-28,08:44:57,17:25:27,8.68,present
ATT00162,EMP0428,2024-10-18,09:10:13,17:56:38,8.77,present
ATT00163,EMP0391,2024-10-22,09:05:26,17:17:11,8.2,present
ATT00164,EMP0036,2024-10-24,08:58:31,20:20:50,11.37,present
ATT00165,EMP0122,2024-10-15,,,,absent
ATT00166,EMP0113,2024-10-16,09:25:58,18:36:09,9.17,late
ATT00167,EMP0465,2024-10-16,07:26:05,19:22:34,11.94,present
ATT00168,EMP0004,2024-12-17,07:09:51,17:01:41,9.86,present
ATT00169,EMP0440,2024-11-11,09:51:46,17:09:37,7.3,late
ATT00170,EMP0129,2024-10-09,08:07:04,18:59:55,10.88,present
ATT00171,EMP0465,2024-10-15,08:13:02,17:37:20,9.41,present
ATT00172,EMP0247,2024-11-27,08:48:42,19:14:27,10.43,present
ATT00173,EMP0403,2024-11-04,07:29:42,17:41:26,10.2,present
ATT00174,EMP0302,2024-11-05,07:52:39,18:42:48,10.84,present
ATT00175,EMP0456,2024-12-27,07:02:27,19:04:21,12.03,present
ATT00176,EMP0385,2024-11-01,09:04:39,16:50:42,7.77,present
ATT00177,EMP0299,2024-11-20,09:21:12,17:46:06,8.41,late
ATT00178,EMP0473,2024-10-10,09:56:34,16:31:17,6.58,late
ATT00179,EMP0283,2024-11-01,08:34:54,17:45:54,9.18,present
ATT00180,EMP0319,2024-10-01,,,,absent
ATT00181,EMP0049,2024-10-31,07:04:52,17:11:54,10.12,present
ATT00182,EMP0121,2024-11-15,07:06:53,17:50:04,10.72,present
ATT00183,EMP0090,2024-11-04,08:47:18,17:45:23,8.97,present
ATT00184,EMP0451,2024-10-22,08:09:55,19:34:26,11.41,present
ATT00185,EMP0452,2024-10-14,,,,holiday
ATT00186,EMP0114,2024-11-01,08:31:25,18:57:00,10.43,present
ATT00187,EMP0198,2024-11-11,07:48:37,17:33:20,9.75,present
ATT00188,EMP0101,2024-12-10,,,,absent
ATT00189,EMP0409,2024-11-21,,,,leave
ATT00190,EMP0383,2024-12-12,08:35:34,16:42:19,8.11,present
ATT00191,EMP0319,2024-11-20,08:48:08,16:31:50,7.73,present
ATT00192,EMP0133,2024-12-16,,,,absent
ATT00193,EMP0155,2024-12-02,08:11:36,20:28:40,12.28,wfh
ATT00194,EMP0475,2024-11-12,08:30:15,18:33:20,10.05,present
ATT00195,EMP0338,2024-10-01,09:06:40,19:18:55,10.2,present
ATT00196,EMP0423,2024-11-14,08:47:19,17:38:27,8.85,present
ATT00197,EMP0174,2024-10-29,09:02:13,18:42:11,9.67,present
ATT00198,EMP0042,2024-10-10,09:54:09,19:51:09,9.95,late
ATT00199,EMP0041,2024-12-27,07:04:12,17:01:19,9.95,present
ATT00200,EMP0214,2024-10-10,09:01:02,18:10:39,9.16,present
ATT00201,EMP0400,2024-12-17,,,,leave
ATT00202,EMP0049,2024-12-19,,,,absent
ATT00203,EMP0009,2024-10-16,09:49:13,17:18:46,7.49,late
ATT00204,EMP0197,2024-12-04,08:32:58,17:05:30,8.54,present
ATT00205,EMP0448,2024-10-11,08:28:09,19:37:39,11.16,wfh
ATT00206,EMP0364,2024-11-15,08:39:17,17:41:10,9.03,present
ATT00207,EMP0471,2024-11-26,,,,leave
ATT00208,EMP0287,2024-12-03,09:22:47,16:31:14,7.14,late
ATT00209,EMP0479,2024-12-25,08:27:26,16:53:44,8.44,present
ATT00210,EMP0236,2024-12-27,09:02:45,16:31:00,7.47,present
ATT00211,EMP0183,2024-12-26,09:27:47,17:34:21,8.11,late
ATT00212,EMP0193,2024-11-04,07:34:25,17:55:06,10.34,present
ATT00213,EMP0139,2024-10-30,07:20:40,16:40:51,9.34,present
ATT00214,EMP0029,2024-12-03,,,,leave
ATT00215,EMP0264,2024-12-23,,,,absent
ATT00216,EMP0293,2024-11-27,07:17:15,17:35:45,10.31,present
ATT00217,EMP0261,2024-12-23,07:59:22,17:59:26,10.0,present
ATT00218,EMP0295,2024-12-19,08:10:42,16:31:28,8.35,present
ATT00219,EMP0095,2024-10-25,09:49:44,19:10:52,9.35,late
ATT00220,EMP0476,2024-12-09,08:48:27,17:54:14,9.1,present
ATT00221,EMP0271,2024-10-04,07:54:35,17:56:55,10.04,present
ATT00222,EMP0087,2024-11-26,08:39:57,19:43:50,11.06,present
ATT00223,EMP0244,2024-10-28,07:13:52,20:26:57,13.22,present
ATT00224,EMP0259,2024-12-04,09:01:32,18:40:07,9.64,present
ATT00225,EMP0010,2024-12-17,09:08:58,19:11:25,10.04,present
ATT00226,EMP0426,2024-10-31,08:06:15,19:35:19,11.48,present
ATT00227,EMP0094,2024-11-01,09:15:04,17:09:42,7.91,late
ATT00228,EMP0133,2024-10-17,08:50:10,17:57:14,9.12,present
ATT00229,EMP0013,2024-12-10,,,,leave
ATT00230,EMP0300,2024-10-28,09:09:09,17:43:34,8.57,present
ATT00231,EMP0167,2024-11-29,08:46:14,18:57:11,10.18,present
ATT00232,EMP0121,2024-10-03,,,,absent
ATT00233,EMP0313,2024-12-10,08:47:38,17:33:30,8.76,present
ATT00234,EMP0099,2024-11-22,08:45:48,16:42:57,7.95,present
ATT00235,EMP0352,2024-11-19,08:31:24,17:41:02,9.16,present
ATT00236,EMP0139,2024-11-04,08:48:40,18:52:37,10.07,present
ATT00237,EMP0308,2024-12-27,07:00:40,17:54:41,10.9,present
ATT00238,EMP0278,2024-12-17,08:15:49,17:39:08,9.39,wfh
ATT00239,EMP0099,2024-12-26,08:38:28,,,present
ATT00240,EMP0428,2024-10-10,,,,absent
ATT00241,EMP0221,2024-10-18,09:22:29,17:22:37,8.0,late
ATT00242,EMP0043,2024-11-27,08:37:54,17:34:44,8.95,present
ATT00243,EMP0454,2024-12-25,08:22:42,20:11:47,11.82,present
ATT00244,EMP0388,2024-11-21,09:00:45,17:44:25,8.73,present
ATT00245,EMP0088,2024-11-12,08:23:44,19:34:24,11.18,present
ATT00246,EMP0327,2024-12-27,,,,leave
ATT00247,EMP0132,2024-12-13,07:39:55,18:36:53,10.95,present
ATT00248,EMP0310,2024-10-02,07:08:20,20:13:19,13.08,present
ATT00249,EMP0190,2024-10-29,08:32:37,17:21:20,8.81,present
ATT00250,EMP0210,2024-11-25,09:53:17,19:40:40,9.79,late
ATT00251,EMP0439,2024-12-16,09:43:47,18:56:08,9.21,late
ATT00252,EMP0381,2024-10-23,08:55:38,16:44:17,7.81,present
ATT00253,EMP0338,2024-11-20,09:07:09,19:27:37,10.34,present
ATT00254,EMP0211,2024-12-05,08:04:48,20:36:39,12.53,present
ATT00255,EMP0442,2024-10-23,08:31:01,16:47:50,8.28,wfh
ATT00256,EMP0236,2024-12-24,08:29:19,20:16:35,11.79,present
ATT00257,EMP0041,2024-10-03,08:43:39,18:25:17,9.69,present
ATT00258,EMP0285,2024-12-05,07:32:12,18:07:26,10.59,present
ATT00259,EMP0270,2024-11-13,08:15:18,20:33:40,12.31,present
ATT00260,EMP0129,2024-11-27,08:13:25,17:24:18,9.18,present
ATT00261,EMP0442,2024-11-11,08:34:01,18:18:20,9.74,present
ATT00262,EMP0193,2024-12-24,07:50:38,17:42:40,9.87,present
ATT00263,EMP0172,2024-11-29,08:51:25,16:40:10,7.81,wfh
ATT00264,EMP0370,2024-11-28,07:53:56,16:35:25,8.69,present
ATT00265,EMP0448,2024-11-04,07:29:02,19:25:18,11.94,present
ATT00266,EMP0079,2024-11-27,08:38:57,16:30:53,7.87,present
ATT00267,EMP0407,2024-11-11,08:11:17,,,wfh
ATT00268,EMP0456,2024-11-12,,,,leave
ATT00269,EMP0154,2024-12-26,08:53:16,18:33:06,9.66,present
ATT00270,EMP0360,2024-12-24,07:00:35,17:55:42,10.92,present
ATT00271,EMP0014,2024-11-26,09:36:30,18:42:52,9.11,late
ATT00272,EMP0321,2024-10-17,08:35:15,20:16:53,11.69,present
ATT00273,EMP0245,2024-10-25,09:01:35,18:26:55,9.42,wfh
ATT00274,EMP0402,2024-11-27,07:00:09,20:50:23,13.84,present
ATT00275,EMP0050,2024-12-26,09:18:00,,,late
ATT00276,EMP0293,2024-11-18,07:02:43,18:46:24,11.73,present
ATT00277,EMP0043,2024-12-19,09:21:37,18:41:13,9.33,late
ATT00278,EMP0249,2024-11-04,07:58:22,19:18:06,11.33,present
ATT00279,EMP0495,2024-11-19,08:16:49,17:52:28,9.59,present
ATT00280,EMP0459,2024-10-25,08:42:54,18:27:28,9.74,present
ATT00281,EMP0229,2024-10-10,08:03:32,20:58:46,12.92,present
ATT00282,EMP0301,2024-11-13,,,,absent
ATT00283,EMP0137,2024-10-01,07:41:07,20:10:26,12.49,present
ATT00284,EMP0202,2024-12-03,09:12:02,16:33:40,7.36,present
ATT00285,EMP0400,2024-12-25,07:27:23,17:03:14,9.6,present
ATT00286,EMP0359,2024-10-25,08:58:18,18:16:08,9.3,present
ATT00287,EMP0168,2024-11-26,08:38:02,19:30:17,10.87,present
ATT00288,EMP0307,2024-11-26,09:05:27,19:52:58,10.79,present
ATT00289,EMP0385,2024-11-05,08:10:19,16:42:09,8.53,present
ATT00290,EMP0416,2024-11-04,07:07:20,18:39:38,11.54,present
ATT00291,EMP0380,2024-10-22,08:55:30,17:20:59,8.42,present
ATT00292,EMP0181,2024-10-10,08:49:11,17:54:11,9.08,present
ATT00293,EMP0475,2024-11-04,07:38:00,18:15:13,10.62,present
ATT00294,EMP0335,2024-12-30,09:10:42,18:28:50,9.3,present
ATT00295,EMP0174,2024-11-13,07:16:31,18:30:57,11.24,present
ATT00296,EMP0240,2024-12-16,08:19:34,18:43:50,10.4,present
ATT00297,EMP0451,2024-10-02,08:23:38,17:38:27,9.25,wfh
ATT00298,EMP0182,2024-11-15,08:10:06,17:34:14,9.4,present
ATT00299,EMP0125,2024-10-25,08:00:31,17:08:18,9.13,wfh
ATT00300,EMP0181,2024-10-04,08:46:22,17:06:10,8.33,present
ATT00301,EMP0020,2024-12-13,09:13:55,16:30:47,7.28,present
ATT00302,EMP0049,2024-12-05,07:25:08,17:05:59,9.68,present
ATT00303,EMP0296,2024-10-25,07:59:45,20:15:59,12.27,present
ATT00304,EMP0285,2024-12-06,09:02:40,20:31:10,11.47,present
ATT00305,EMP0355,2024-10-29,08:49:17,17:39:22,8.83,present
ATT00306,EMP0379,2024-12-18,08:20:45,18:35:20,10.24,wfh
ATT00307,EMP0487,2024-11-26,07:11:37,18:10:43,10.99,present
ATT00308,EMP0065,2024-11-19,08:08:45,18:06:25,9.96,present
ATT00309,EMP0290,2024-11-19,07:32:20,20:23:39,12.86,present
ATT00310,EMP0121,2024-12-20,09:43:04,16:40:58,6.97,late
ATT00311,EMP0175,2024-10-29,07:33:54,16:41:19,9.12,present
ATT00312,EMP0375,2024-10-23,08:05:16,20:29:19,12.4,present
ATT00313,EMP0199,2024-10-03,08:30:14,18:40:13,10.17,present
ATT00314,EMP0077,2024-10-09,,,,absent
ATT00315,EMP0202,2024-12-25,09:24:19,20:55:33,11.52,late
ATT00316,EMP0235,2024-10-25,09:22:53,,,late
ATT00317,EMP0195,2024-12-06,08:07:22,18:44:51,10.62,present
ATT00318,EMP0352,2024-10-04,08:29:12,18:18:54,9.83,present
ATT00319,EMP0405,2024-12-17,08:13:02,18:14:31,10.02,present
ATT00320,EMP0416,2024-11-27,08:34:01,17:12:07,8.63,present
ATT00321,EMP0256,2024-10-31,09:41:05,17:44:12,8.05,late
ATT00322,EMP0202,2024-10-07,07:52:41,17:27:59,9.59,present
ATT00323,EMP0413,2024-11-20,07:32:30,17:51:58,10.32,present
ATT00324,EMP0199,2024-10-08,,,,leave
ATT00325,EMP0321,2024-10-10,09:37:50,17:30:34,7.88,late
ATT00326,EMP0468,2024-10-23,,,,absent
ATT00327,EMP0313,2024-10-11,08:12:00,18:52:35,10.68,present
ATT00328,EMP0043,2024-10-24,08:11:20,17:20:11,9.15,present
ATT00329,EMP0094,2024-10-18,07:28:44,18:26:20,10.96,present
ATT00330,EMP0334,2024-10-29,09:03:59,18:46:14,9.7,present
ATT00331,EMP0461,2024-11-12,08:51:51,16:33:32,7.69,present
ATT00332,EMP0057,2024-12-04,08:55:06,18:27:43,9.54,present
ATT00333,EMP0224,2024-11-29,,,,absent
ATT00334,EMP0050,2024-12-12,08:12:18,18:55:24,10.72,present
ATT00335,EMP0212,2024-10-11,08:05:47,20:28:47,12.38,present
ATT00336,EMP0311,2024-12-11,08:59:10,19:37:59,10.65,present
ATT00337,EMP0350,2024-10-10,07:19:14,17:52:25,10.55,present
ATT00338,EMP0335,2024-12-13,07:37:38,18:56:24,11.31,present
ATT00339,EMP0412,2024-12-10,09:31:57,18:03:39,8.53,late
ATT00340,EMP0446,2024-10-28,08:36:37,16:52:02,8.26,present
ATT00341,EMP0351,2024-10-16,,,,absent
ATT00342,EMP0128,2024-12-19,07:03:34,18:30:14,11.44,present
ATT00343,EMP0099,2024-10-21,09:49:57,17:53:59,8.07,late
ATT00344,EMP0491,2024-11-15,09:11:21,17:06:45,7.92,present
ATT00345,EMP0139,2024-11-12,07:34:38,19:42:33,12.13,present
ATT00346,EMP0036,2024-10-04,08:57:18,17:41:18,8.73,present
ATT00347,EMP0034,2024-11-08,08:17:47,18:39:48,10.37,present
ATT00348,EMP0304,2024-10-08,09:09:46,20:37:23,11.46,present
ATT00349,EMP0029,2024-11-08,08:10:35,18:52:49,10.7,present
ATT00350,EMP0487,2024-11-11,,,,absent
ATT00351,EMP0095,2024-10-24,08:21:40,18:48:33,10.45,present
ATT00352,EMP0316,2024-11-26,,,,absent
ATT00353,EMP0199,2024-12-09,09:48:47,17:53:37,8.08,late
ATT00354,EMP0486,2024-12-10,07:11:09,17:28:47,10.29,present
ATT00355,EMP0014,2024-12-31,09:49:38,17:52:08,8.04,late
ATT00356,EMP0492,2024-11-21,,,,absent
ATT00357,EMP0311,2024-10-04,08:33:34,17:40:38,9.12,present
ATT00358,EMP0430,2024-12-13,,,,absent
ATT00359,EMP0352,2024-10-11,08:57:05,20:00:59,11.07,present
ATT00360,EMP0028,2024-11-05,08:48:37,18:58:16,10.16,present
ATT00361,EMP0376,2024-10-07,09:21:50,18:50:59,9.49,late
ATT00362,EMP0128,2024-11-11,07:27:31,17:33:25,10.1,present
ATT00363,EMP0373,2024-12-26,08:06:05,17:46:13,9.67,present
ATT00364,EMP0006,2024-12-02,,,,absent
ATT00365,EMP0452,2024-10-15,09:00:13,18:48:27,9.8,wfh
ATT00366,EMP0372,2024-12-05,09:20:36,17:39:31,8.32,late
ATT00367,EMP0320,2024-10-30,08:05:17,18:36:00,10.51,present
ATT00368,EMP0257,2024-11-07,07:47:50,17:53:06,10.09,present
ATT00369,EMP0094,2024-10-01,08:29:36,16:41:20,8.2,present
ATT00370,EMP0405,2024-11-20,,,,absent
ATT00371,EMP0165,2024-12-05,07:35:55,19:59:27,12.39,present
ATT00372,EMP0321,2024-12-09,08:13:14,18:05:40,9.87,present
ATT00373,EMP0099,2024-11-05,,,,absent
ATT00374,EMP0485,2024-11-14,09:05:47,16:54:46,7.82,present
ATT00375,EMP0208,2024-11-05,08:47:00,18:12:08,9.42,present
ATT00376,EMP0202,2024-11-15,09:06:01,17:07:36,8.03,wfh
ATT00377,EMP0251,2024-10-22,07:50:37,17:00:15,9.16,present
ATT00378,EMP0421,2024-11-20,,,,absent
ATT00379,EMP0288,2024-10-04,08:08:54,20:19:08,12.17,present
ATT00380,EMP0285,2024-12-31,09:13:20,18:07:15,8.9,present
ATT00381,EMP0495,2024-12-11,09:06:02,16:52:33,7.78,present
ATT00382,EMP0125,2024-11-01,08:52:34,17:54:32,9.03,wfh
ATT00383,EMP0067,2024-10-08,09:01:02,18:20:03,9.32,wfh
ATT00384,EMP0247,2024-10-18,07:19:13,20:13:25,12.9,present
ATT00385,EMP0479,2024-11-06,09:36:59,20:13:24,10.61,late
ATT00386,EMP0122,2024-11-22,08:08:58,20:05:13,11.94,present
ATT00387,EMP0443,2024-11-07,09:05:32,19:36:15,10.51,present
ATT00388,EMP0378,2024-11-22,07:22:15,16:52:00,9.5,present
ATT00389,EMP0227,2024-12-23,09:05:34,18:55:48,9.84,present
ATT00390,EMP0035,2024-11-11,08:05:23,18:28:42,10.39,present
ATT00391,EMP0362,2024-11-14,07:05:41,18:55:24,11.83,present
ATT00392,EMP0133,2024-12-31,,,,absent
ATT00393,EMP0018,2024-11-25,,,,absent
ATT00394,EMP0009,2024-11-07,08:15:37,20:36:11,12.34,present
ATT00395,EMP0110,2024-11-28,08:22:50,17:06:24,8.73,present
ATT00396,EMP0127,2024-12-27,08:15:25,16:51:08,8.6,present
ATT00397,EMP0466,2024-12-09,08:58:15,20:31:11,11.55,present
ATT00398,EMP0466,2024-11-27,08:01:54,17:34:38,9.55,wfh
ATT00399,EMP0291,2024-12-10,08:49:41,19:26:00,10.61,present
ATT00400,EMP0384,2024-10-30,09:30:18,17:33:05,8.05,late
ATT00401,EMP0310,2024-12-25,08:51:16,18:04:52,9.23,wfh
ATT00402,EMP0359,2024-11-20,09:19:02,17:39:44,8.34,late
ATT00403,EMP0429,2024-11-13,08:20:40,17:21:34,9.02,present
ATT00404,EMP0048,2024-10-18,09:14:19,19:53:16,10.65,wfh
ATT00405,EMP0003,2024-10-04,09:38:07,16:36:42,6.98,late
ATT00406,EMP0400,2024-10-09,,,,leave
ATT00407,EMP0008,2024-11-19,09:23:31,17:00:16,7.61,late
ATT00408,EMP0003,2024-11-22,07:31:26,17:27:08,9.93,wfh
ATT00409,EMP0284,2024-12-06,08:55:06,18:40:16,9.75,wfh
ATT00410,EMP0472,2024-10-29,09:04:29,17:33:48,8.49,present
ATT00411,EMP0059,2024-10-09,08:14:37,18:50:13,10.59,present
ATT00412,EMP0235,2024-11-07,07:36:26,16:43:31,9.12,present
ATT00413,EMP0273,2024-12-05,09:31:44,16:48:11,7.27,late
ATT00414,EMP0047,2024-11-19,,,,absent
ATT00415,EMP0270,2024-10-03,,,,absent
ATT00416,EMP0182,2024-10-07,07:32:34,18:39:32,11.12,present
ATT00417,EMP0073,2024-11-22,08:48:17,18:48:22,10.0,present
ATT00418,EMP0088,2024-11-15,07:54:45,17:53:53,9.99,present
ATT00419,EMP0290,2024-11-06,09:49:47,20:08:54,10.32,late
ATT00420,EMP0073,2024-10-04,09:22:29,18:56:12,9.56,late
ATT00421,EMP0302,2024-10-31,07:41:27,17:50:06,10.14,present
ATT00422,EMP0010,2024-10-21,08:53:53,18:49:46,9.93,present
ATT00423,EMP0054,2024-11-12,07:12:19,17:37:32,10.42,present
ATT00424,EMP0290,2024-11-18,08:57:04,20:13:35,11.28,present
ATT00425,EMP0167,2024-10-03,08:28:41,18:32:14,10.06,present
ATT00426,EMP0452,2024-12-25,09:03:13,19:18:48,10.26,wfh
ATT00427,EMP0041,2024-10-28,09:43:00,18:06:14,8.39,late
ATT00428,EMP0132,2024-10-11,09:53:00,17:22:12,7.49,late
ATT00429,EMP0257,2024-12-06,08:52:40,19:01:11,10.14,present
ATT00430,EMP0022,2024-10-07,08:08:25,17:22:16,9.23,present
ATT00431,EMP0313,2024-12-17,07:02:59,18:04:41,11.03,present
ATT00432,EMP0296,2024-12-12,07:55:55,17:57:05,10.02,present
ATT00433,EMP0107,2024-10-02,08:02:46,18:28:29,10.43,wfh
ATT00434,EMP0370,2024-10-08,07:00:17,18:04:01,11.06,wfh
ATT00435,EMP0424,2024-10-11,07:45:44,20:44:37,12.98,present
ATT00436,EMP0458,2024-11-20,09:21:36,17:10:17,7.81,late
ATT00437,EMP0466,2024-12-25,08:49:15,17:03:39,8.24,present
ATT00438,EMP0124,2024-11-18,08:45:39,18:06:40,9.35,present
ATT00439,EMP0018,2024-11-18,09:24:48,18:34:29,9.16,late
ATT00440,EMP0114,2024-11-12,07:37:46,20:09:47,12.53,present
ATT00441,EMP0443,2024-12-19,08:16:55,19:13:11,10.94,present
ATT00442,EMP0003,2024-10-08,,,,absent
ATT00443,EMP0360,2024-12-17,,,,absent
ATT00444,EMP0358,2024-12-26,07:23:05,20:53:19,13.5,present
ATT00445,EMP0143,2024-10-09,07:11:18,16:38:53,9.46,present
ATT00446,EMP0176,2024-12-04,09:26:26,17:06:34,7.67,late
ATT00447,EMP0055,2024-12-05,08:03:02,17:19:24,9.27,wfh
ATT00448,EMP0290,2024-12-24,08:27:06,19:13:03,10.77,present
ATT00449,EMP0349,2024-10-29,09:15:09,19:28:44,10.23,late
ATT00450,EMP0239,2024-12-05,09:18:59,17:49:02,8.5,late
ATT00451,EMP0469,2024-10-25,09:53:21,17:25:57,7.54,late
ATT00452,EMP0198,2024-12-02,08:46:08,17:36:23,8.84,present
ATT00453,EMP0263,2024-10-31,07:26:34,16:30:21,9.06,present
ATT00454,EMP0372,2024-12-11,08:30:38,18:01:03,9.51,wfh
ATT00455,EMP0237,2024-12-23,07:31:15,17:21:51,9.84,present
ATT00456,EMP0216,2024-11-21,08:00:01,20:13:39,12.23,present
ATT00457,EMP0092,2024-12-27,08:05:12,16:50:28,8.75,present
ATT00458,EMP0434,2024-12-12,09:25:05,17:13:34,7.81,late
ATT00459,EMP0227,2024-12-17,08:36:02,20:56:04,12.33,present
ATT00460,EMP0054,2024-11-14,09:06:31,17:11:07,8.08,present
ATT00461,EMP0085,2024-11-28,07:51:52,18:20:55,10.48,present
ATT00462,EMP0225,2024-12-23,09:12:17,19:50:07,10.63,present
ATT00463,EMP0287,2024-10-30,08:07:36,17:35:51,9.47,present
ATT00464,EMP0029,2024-11-29,07:30:53,16:44:16,9.22,present
ATT00465,EMP0319,2024-10-25,08:15:26,16:34:52,8.32,wfh
ATT00466,EMP0381,2024-11-29,07:48:19,18:54:50,11.11,present
ATT00467,EMP0344,2024-10-29,07:11:23,17:05:41,9.9,present
ATT00468,EMP0368,2024-10-24,08:00:09,18:11:13,10.18,present
ATT00469,EMP0127,2024-12-10,08:17:48,17:09:46,8.87,present
ATT00470,EMP0050,2024-12-13,09:11:01,18:19:47,9.15,present
ATT00471,EMP0067,2024-12-30,08:51:53,20:56:11,12.07,present
ATT00472,EMP0349,2024-10-08,08:39:01,17:43:11,9.07,present
ATT00473,EMP0331,2024-10-18,08:41:40,18:20:06,9.64,present
ATT00474,EMP0369,2024-10-01,07:59:08,20:26:05,12.45,present
ATT00475,EMP0158,2024-10-30,09:07:38,18:46:35,9.65,present
ATT00476,EMP0477,2024-11-11,07:43:08,18:22:52,10.66,present
ATT00477,EMP0439,2024-11-28,,,,leave
ATT00478,EMP0309,2024-10-21,09:05:37,18:07:24,9.03,present
ATT00479,EMP0201,2024-12-05,07:08:06,17:36:42,10.48,present
ATT00480,EMP0351,2024-12-10,,,,holiday
ATT00481,EMP0334,2024-12-10,07:20:59,17:10:51,9.83,present
ATT00482,EMP0135,2024-12-02,08:34:56,19:48:44,11.23,present
ATT00483,EMP0482,2024-12-12,08:46:38,19:16:30,10.5,wfh
ATT00484,EMP0442,2024-10-18,08:27:50,19:08:13,10.67,present
ATT00485,EMP0138,2024-12-20,08:24:03,16:46:33,8.37,present
ATT00486,EMP0096,2024-11-04,08:19:29,18:01:32,9.7,present
ATT00487,EMP0462,2024-10-01,09:03:28,17:36:07,8.54,present
ATT00488,EMP0318,2024-10-18,08:02:31,18:39:54,10.62,present
ATT00489,EMP0312,2024-10-25,08:08:05,19:19:02,11.18,present
ATT00490,EMP0045,2024-11-25,07:25:36,17:25:38,10.0,present
ATT00491,EMP0149,2024-12-11,09:10:08,17:50:20,8.67,present
ATT00492,EMP0187,2024-11-06,07:17:34,,,present
ATT00493,EMP0348,2024-10-17,08:32:27,18:28:02,9.93,present
ATT00494,EMP0115,2024-10-04,,,,absent
ATT00495,EMP0013,2024-10-04,08:10:07,17:36:33,9.44,present
ATT00496,EMP0181,2024-10-22,08:20:17,19:11:09,10.85,present
ATT00497,EMP0128,2024-11-01,09:13:00,17:04:10,7.85,present
ATT00498,EMP0498,2024-10-14,07:47:46,20:43:47,12.93,present
ATT00499,EMP0043,2024-11-14,,,,absent
ATT00500,EMP0288,2024-10-22,07:55:00,18:57:21,11.04,present
ATT00501,EMP0273,2024-12-03,07:56:13,17:00:03,9.06,present
ATT00502,EMP0426,2024-12-11,07:01:35,19:15:50,12.24,present
ATT00503,EMP0008,2024-11-22,,,,absent
ATT00504,EMP0212,2024-12-09,,,,absent
ATT00505,EMP0239,2024-11-06,09:40:29,17:37:07,7.94,late
ATT00506,EMP0187,2024-12-16,08:00:00,17:07:16,9.12,present
ATT00507,EMP0409,2024-10-08,07:25:51,16:30:37,9.08,present
ATT00508,EMP0436,2024-12-26,09:39:36,17:52:15,8.21,late
ATT00509,EMP0023,2024-12-27,07:43:31,17:59:29,10.27,present
ATT00510,EMP0197,2024-12-02,09:13:37,20:47:45,11.57,present
ATT00511,EMP0022,2024-11-14,08:02:24,16:47:50,8.76,present
ATT00512,EMP0451,2024-12-24,09:05:19,17:54:55,8.83,present
ATT00513,EMP0245,2024-10-17,08:27:30,18:24:15,9.95,present
ATT00514,EMP0273,2024-12-02,07:03:01,18:43:14,11.67,present
ATT00515,EMP0439,2024-12-26,07:27:07,17:46:53,10.33,present
ATT00516,EMP0019,2024-12-06,07:28:05,17:33:56,10.1,present
ATT00517,EMP0027,2024-12-26,07:20:05,18:44:16,11.4,wfh
ATT00518,EMP0487,2024-10-16,08:32:09,18:09:01,9.61,present
ATT00519,EMP0302,2024-11-14,07:40:16,16:32:23,8.87,wfh
ATT00520,EMP0349,2024-10-16,07:20:48,17:17:26,9.94,wfh
ATT00521,EMP0051,2024-11-13,09:16:28,18:24:36,9.14,late
ATT00522,EMP0468,2024-10-17,08:38:16,18:37:56,9.99,present
ATT00523,EMP0289,2024-12-06,09:04:55,19:27:28,10.38,present
ATT00524,EMP0482,2024-11-29,,,,absent
ATT00525,EMP0149,2024-12-24,,,,absent
ATT00526,EMP0024,2024-11-27,07:45:03,17:03:35,9.31,present
ATT00527,EMP0191,2024-12-19,09:32:56,16:55:08,7.37,late
ATT00528,EMP0132,2024-12-12,09:59:32,17:58:08,7.98,late
ATT00529,EMP0058,2024-10-02,09:03:32,20:38:59,11.59,present
ATT00530,EMP0439,2024-10-23,08:00:09,19:09:02,11.15,wfh
ATT00531,EMP0378,2024-10-04,08:22:32,17:31:16,9.15,present
ATT00532,EMP0319,2024-12-18,09:05:57,17:29:14,8.39,present
ATT00533,EMP0044,2024-12-30,09:55:12,19:19:10,9.4,late
ATT00534,EMP0110,2024-12-23,07:22:29,16:30:18,9.13,present
ATT00535,EMP0169,2024-12-09,,,,absent
ATT00536,EMP0342,2024-10-09,07:10:39,17:49:35,10.65,present
ATT00537,EMP0157,2024-10-22,07:35:44,18:06:35,10.51,wfh
ATT00538,EMP0448,2024-12-26,09:58:26,17:40:11,7.7,late
ATT00539,EMP0107,2024-12-19,09:05:22,16:39:42,7.57,present
ATT00540,EMP0180,2024-10-29,08:07:56,,,present
ATT00541,EMP0028,2024-11-21,07:03:29,17:14:03,10.18,wfh
ATT00542,EMP0383,2024-11-28,08:27:26,16:31:05,8.06,present
ATT00543,EMP0275,2024-10-21,07:35:15,17:29:05,9.9,present
ATT00544,EMP0440,2024-10-28,07:05:46,17:12:57,10.12,present
ATT00545,EMP0048,2024-11-05,07:36:47,19:04:22,11.46,wfh
ATT00546,EMP0305,2024-12-26,07:08:01,18:34:45,11.45,present
ATT00547,EMP0154,2024-10-01,08:00:31,19:27:48,11.45,present
ATT00548,EMP0247,2024-10-31,09:29:52,18:19:24,8.83,late
ATT00549,EMP0496,2024-12-06,09:00:56,18:41:11,9.67,wfh
ATT00550,EMP0030,2024-11-22,07:28:26,17:54:40,10.44,present
ATT00551,EMP0111,2024-11-08,08:24:52,16:33:39,8.15,present
ATT00552,EMP0211,2024-12-27,07:21:15,16:41:31,9.34,present
ATT00553,EMP0141,2024-12-18,09:11:51,17:46:19,8.57,present
ATT00554,EMP0451,2024-10-21,08:54:09,18:15:22,9.35,present
ATT00555,EMP0061,2024-10-30,08:26:05,20:26:34,12.01,present
ATT00556,EMP0087,2024-10-23,07:10:20,17:47:43,10.62,present
ATT00557,EMP0478,2024-10-04,07:52:29,17:25:28,9.55,present
ATT00558,EMP0281,2024-12-27,07:32:25,19:45:51,12.22,wfh
ATT00559,EMP0233,2024-12-17,,,,absent
ATT00560,EMP0016,2024-12-05,08:59:22,19:09:54,10.18,present
ATT00561,EMP0409,2024-10-18,09:32:04,20:56:26,11.41,late
ATT00562,EMP0271,2024-12-24,08:28:32,18:50:39,10.37,present
ATT00563,EMP0024,2024-11-19,08:30:29,17:42:10,9.19,present
ATT00564,EMP0280,2024-12-16,,,,absent
ATT00565,EMP0043,2024-10-11,08:03:40,17:23:00,9.32,present
ATT00566,EMP0054,2024-11-15,09:41:59,17:51:32,8.16,late
ATT00567,EMP0428,2024-12-03,09:47:36,20:19:09,10.53,late
ATT00568,EMP0302,2024-12-11,07:15:20,18:51:13,11.6,present
ATT00569,EMP0319,2024-11-13,08:03:19,19:56:47,11.89,present
ATT00570,EMP0085,2024-10-22,08:35:09,17:09:05,8.57,present
ATT00571,EMP0018,2024-10-29,,,,absent
ATT00572,EMP0054,2024-11-01,09:55:27,18:38:47,8.72,late
ATT00573,EMP0428,2024-11-05,,,,absent
ATT00574,EMP0357,2024-11-15,09:25:22,18:36:50,9.19,late
ATT00575,EMP0303,2024-10-11,07:01:25,18:51:18,11.83,wfh
ATT00576,EMP0424,2024-11-01,,,,leave
ATT00577,EMP0373,2024-12-12,09:22:06,20:49:12,11.45,late
ATT00578,EMP0069,2024-10-08,08:35:05,17:29:15,8.9,present
ATT00579,EMP0143,2024-11-05,07:54:42,19:14:19,11.33,present
ATT00580,EMP0092,2024-11-22,07:21:43,18:32:55,11.19,present
ATT00581,EMP0082,2024-12-10,08:51:11,17:33:33,8.71,present
ATT00582,EMP0008,2024-12-05,08:37:51,19:34:01,10.94,present
ATT00583,EMP0039,2024-12-31,08:25:16,16:41:54,8.28,present
ATT00584,EMP0009,2024-10-21,09:21:02,17:05:10,7.74,late
ATT00585,EMP0335,2024-11-18,08:19:12,18:05:51,9.78,present
ATT00586,EMP0374,2024-10-02,09:02:15,16:33:45,7.53,present
ATT00587,EMP0187,2024-10-24,08:03:19,19:00:52,10.96,present
ATT00588,EMP0197,2024-11-13,07:31:09,17:45:46,10.24,present
ATT00589,EMP0304,2024-11-07,09:13:32,19:03:03,9.83,present
ATT00590,EMP0114,2024-12-24,07:10:03,17:06:38,9.94,present
ATT00591,EMP0303,2024-12-25,09:50:52,16:32:05,6.69,late
ATT00592,EMP0131,2024-10-17,08:02:00,17:19:58,9.3,present
ATT00593,EMP0106,2024-12-09,08:52:07,17:06:48,8.24,present
ATT00594,EMP0354,2024-10-14,,,,absent
ATT00595,EMP0091,2024-10-23,09:07:47,17:37:52,8.5,wfh
ATT00596,EMP0321,2024-10-25,09:56:35,19:02:49,9.1,late
ATT00597,EMP0490,2024-10-11,09:01:56,19:56:59,10.92,present
ATT00598,EMP0303,2024-12-31,,,,absent
ATT00599,EMP0046,2024-10-30,07:48:22,16:53:32,9.09,present
ATT00600,EMP0152,2024-12-12,,,,absent
ATT00601,EMP0403,2024-12-04,08:06:37,18:54:40,10.8,present
ATT00602,EMP0138,2024-11-15,08:52:33,18:55:23,10.05,present
ATT00603,EMP0263,2024-10-10,07:40:07,17:13:28,9.56,present
ATT00604,EMP0484,2024-12-17,09:29:21,17:45:07,8.26,late
ATT00605,EMP0029,2024-11-27,,,,absent
ATT00606,EMP0500,2024-12-10,07:30:59,17:35:33,10.08,present
ATT00607,EMP0020,2024-11-04,,,,absent
ATT00608,EMP0432,2024-12-05,09:13:53,20:33:47,11.33,present
ATT00609,EMP0250,2024-12-19,07:30:08,20:38:48,13.14,present
ATT00610,EMP0386,2024-11-08,07:45:14,20:07:26,12.37,present
ATT00611,EMP0482,2024-10-23,09:42:01,17:49:39,8.13,late
ATT00612,EMP0304,2024-12-31,08:53:09,17:57:12,9.07,present
ATT00613,EMP0263,2024-10-29,09:09:56,19:16:30,10.11,wfh
ATT00614,EMP0149,2024-11-20,08:49:07,17:31:21,8.7,present
ATT00615,EMP0313,2024-10-14,07:02:28,19:35:55,12.56,present
ATT00616,EMP0278,2024-10-04,07:57:57,16:35:51,8.63,wfh
ATT00617,EMP0270,2024-10-11,09:50:00,18:50:22,9.01,late
ATT00618,EMP0359,2024-10-15,08:55:32,16:30:10,7.58,present
ATT00619,EMP0453,2024-10-25,09:04:42,18:12:51,9.14,present
ATT00620,EMP0496,2024-10-08,,,,absent
ATT00621,EMP0236,2024-11-19,07:13:56,19:11:10,11.95,present
ATT00622,EMP0251,2024-11-19,07:25:37,16:55:24,9.5,present
ATT00623,EMP0295,2024-11-29,08:42:48,19:35:22,10.88,present
ATT00624,EMP0187,2024-11-27,08:16:25,20:01:24,11.75,present
ATT00625,EMP0190,2024-12-24,,,,absent
ATT00626,EMP0321,2024-12-26,08:43:43,18:04:27,9.35,wfh
ATT00627,EMP0246,2024-10-24,08:44:07,17:36:54,8.88,present
ATT00628,EMP0299,2024-11-29,08:44:47,17:05:20,8.34,present
ATT00629,EMP0056,2024-12-26,,,,absent
ATT00630,EMP0155,2024-11-18,07:47:07,19:57:19,12.17,present
ATT00631,EMP0167,2024-11-20,07:24:04,16:45:59,9.37,present
ATT00632,EMP0379,2024-12-31,07:13:12,18:02:52,10.83,wfh
ATT00633,EMP0139,2024-11-26,09:08:49,18:57:50,9.82,present
ATT00634,EMP0199,2024-11-12,,,,absent
ATT00635,EMP0361,2024-11-04,07:18:54,17:44:47,10.43,wfh
ATT00636,EMP0217,2024-11-25,09:01:39,17:36:08,8.57,present
ATT00637,EMP0118,2024-11-28,08:34:54,18:32:04,9.95,present
ATT00638,EMP0327,2024-12-12,07:01:00,18:58:06,11.95,present
ATT00639,EMP0171,2024-11-15,09:06:38,17:52:00,8.76,present
ATT00640,EMP0381,2024-12-16,08:54:14,16:34:06,7.66,present
ATT00641,EMP0430,2024-11-04,08:58:04,19:30:46,10.54,present
ATT00642,EMP0494,2024-10-24,08:48:51,19:44:18,10.92,present
ATT00643,EMP0495,2024-11-21,08:45:50,17:14:42,8.48,present
ATT00644,EMP0115,2024-12-04,08:55:21,17:19:35,8.4,present
ATT00645,EMP0459,2024-11-27,07:05:00,18:01:52,10.95,present
ATT00646,EMP0125,2024-12-23,,,,absent
ATT00647,EMP0372,2024-10-31,07:56:48,18:58:31,11.03,wfh
ATT00648,EMP0071,2024-11-21,08:16:49,17:31:32,9.25,present
ATT00649,EMP0410,2024-11-13,08:50:27,17:20:30,8.5,present
ATT00650,EMP0127,2024-11-29,07:35:21,18:47:48,11.21,present
ATT00651,EMP0111,2024-12-27,07:08:34,17:57:28,10.82,present
ATT00652,EMP0239,2024-11-13,08:21:51,17:08:14,8.77,present
ATT00653,EMP0250,2024-12-25,08:23:48,20:32:06,12.14,wfh
ATT00654,EMP0465,2024-11-18,,,,absent
ATT00655,EMP0362,2024-12-20,08:23:16,17:24:54,9.03,wfh
ATT00656,EMP0343,2024-11-29,09:57:51,20:10:14,10.21,late
ATT00657,EMP0091,2024-11-14,,,,absent
ATT00658,EMP0386,2024-10-14,09:06:01,17:18:50,8.21,present
ATT00659,EMP0240,2024-12-10,08:27:48,18:49:17,10.36,present
ATT00660,EMP0004,2024-10-11,08:49:29,20:09:02,11.33,present
ATT00661,EMP0114,2024-11-14,08:04:28,17:01:29,8.95,wfh
ATT00662,EMP0312,2024-12-20,07:03:52,20:07:23,13.06,present
ATT00663,EMP0321,2024-12-13,08:51:16,20:34:41,11.72,present
ATT00664,EMP0121,2024-11-18,07:30:42,16:36:06,9.09,present
ATT00665,EMP0034,2024-12-16,08:20:19,17:33:01,9.21,wfh
ATT00666,EMP0405,2024-12-26,07:56:28,18:52:04,10.93,wfh
ATT00667,EMP0379,2024-10-18,08:32:54,18:45:29,10.21,present
ATT00668,EMP0302,2024-12-17,09:02:24,16:35:36,7.55,present
ATT00669,EMP0247,2024-11-26,,,,absent
ATT00670,EMP0073,2024-10-24,07:21:16,19:43:33,12.37,present
ATT00671,EMP0110,2024-10-22,08:09:57,20:11:35,12.03,present
ATT00672,EMP0228,2024-10-09,08:53:19,16:44:26,7.85,present
ATT00673,EMP0029,2024-10-11,08:16:08,16:44:41,8.48,present
ATT00674,EMP0171,2024-10-18,,,,absent
ATT00675,EMP0351,2024-11-18,08:43:13,17:30:04,8.78,present
ATT00676,EMP0079,2024-10-17,09:03:21,17:46:35,8.72,present
ATT00677,EMP0479,2024-12-16,08:30:26,17:22:38,8.87,wfh
ATT00678,EMP0125,2024-10-08,09:28:57,19:46:32,10.29,late
ATT00679,EMP0426,2024-10-10,,,,holiday
ATT00680,EMP0008,2024-10-21,08:38:03,19:57:42,11.33,present
ATT00681,EMP0209,2024-11-19,09:00:51,18:33:58,9.55,wfh
ATT00682,EMP0175,2024-12-17,08:25:37,17:11:03,8.76,present
ATT00683,EMP0149,2024-11-11,09:05:49,18:49:15,9.72,present
ATT00684,EMP0135,2024-11-18,08:00:22,16:51:33,8.85,present
ATT00685,EMP0353,2024-12-03,08:49:09,20:12:36,11.39,present
ATT00686,EMP0146,2024-10-28,,,,absent
ATT00687,EMP0017,2024-11-26,08:47:05,18:38:54,9.86,wfh
ATT00688,EMP0491,2024-11-08,08:27:16,16:40:12,8.22,present
ATT00689,EMP0105,2024-12-09,09:10:47,18:26:28,9.26,present
ATT00690,EMP0125,2024-10-03,,,,absent
ATT00691,EMP0100,2024-10-16,07:47:30,20:31:45,12.74,wfh
ATT00692,EMP0367,2024-11-18,09:37:16,17:27:54,7.84,late
ATT00693,EMP0307,2024-10-22,07:37:45,16:37:53,9.0,present
ATT00694,EMP0058,2024-11-13,08:16:09,17:30:13,9.23,present
ATT00695,EMP0263,2024-11-08,09:23:29,17:11:03,7.79,late
ATT00696,EMP0149,2024-12-20,09:26:41,17:30:06,8.06,late
ATT00697,EMP0389,2024-10-30,07:48:04,20:53:23,13.09,present
ATT00698,EMP0106,2024-11-08,09:14:31,19:38:07,10.39,present
ATT00699,EMP0172,2024-10-18,08:06:27,17:03:49,8.96,present
ATT00700,EMP0004,2024-11-12,08:10:39,18:07:18,9.94,present
ATT00701,EMP0432,2024-11-25,09:50:25,17:02:23,7.2,late
ATT00702,EMP0279,2024-12-09,,,,absent
ATT00703,EMP0285,2024-11-07,07:06:53,19:37:00,12.5,present
ATT00704,EMP0143,2024-10-17,07:37:54,17:11:01,9.55,present
ATT00705,EMP0459,2024-12-18,09:41:36,16:33:56,6.87,late
ATT00706,EMP0283,2024-10-28,08:11:43,19:17:31,11.1,present
ATT00707,EMP0477,2024-12-09,07:03:27,16:57:04,9.89,present
ATT00708,EMP0393,2024-12-06,08:29:56,16:59:13,8.49,present
ATT00709,EMP0017,2024-11-18,07:25:59,17:28:56,10.05,present
ATT00710,EMP0127,2024-12-26,07:56:21,16:31:18,8.58,present
ATT00711,EMP0280,2024-11-29,08:12:13,17:26:53,9.24,present
ATT00712,EMP0198,2024-10-03,09:26:16,18:24:36,8.97,late
ATT00713,EMP0314,2024-12-30,,,,absent
ATT00714,EMP0397,2024-12-09,09:22:55,20:10:36,10.79,late
ATT00715,EMP0283,2024-11-06,08:50:28,19:15:58,10.43,present
ATT00716,EMP0237,2024-10-25,08:00:34,17:36:02,9.59,present
ATT00717,EMP0453,2024-10-14,09:06:48,18:16:03,9.15,present
ATT00718,EMP0383,2024-12-06,07:56:22,18:06:44,10.17,wfh
ATT00719,EMP0104,2024-12-11,08:14:47,17:08:29,8.89,present
ATT00720,EMP0128,2024-11-07,09:02:48,20:11:34,11.15,present
ATT00721,EMP0193,2024-12-03,,,,absent
ATT00722,EMP0262,2024-11-19,07:10:57,17:52:24,10.69,present
ATT00723,EMP0154,2024-11-21,07:22:41,16:39:49,9.29,present
ATT00724,EMP0143,2024-12-06,08:52:27,16:34:53,7.71,present
ATT00725,EMP0383,2024-12-24,08:45:26,20:25:41,11.67,wfh
ATT00726,EMP0018,2024-11-13,08:52:10,20:55:10,12.05,present
ATT00727,EMP0416,2024-10-11,08:41:19,,,present
ATT00728,EMP0288,2024-10-03,08:13:37,20:16:39,12.05,present
ATT00729,EMP0249,2024-12-02,09:10:37,18:01:28,8.85,present
ATT00730,EMP0227,2024-12-06,09:00:32,19:19:52,10.32,present
ATT00731,EMP0016,2024-12-26,07:26:47,20:23:48,12.95,present
ATT00732,EMP0280,2024-12-19,08:54:55,16:35:02,7.67,present
ATT00733,EMP0274,2024-10-16,,,,absent
ATT00734,EMP0280,2024-11-14,08:00:42,17:36:53,9.6,present
ATT00735,EMP0217,2024-11-11,07:38:02,17:11:49,9.56,present
ATT00736,EMP0166,2024-12-04,07:57:23,18:56:52,10.99,present
ATT00737,EMP0162,2024-12-25,09:54:02,18:16:34,8.38,late
ATT00738,EMP0097,2024-10-30,08:58:02,17:11:57,8.23,wfh
ATT00739,EMP0135,2024-11-05,07:22:12,17:13:11,9.85,present
ATT00740,EMP0025,2024-12-06,07:10:15,18:04:02,10.9,present
ATT00741,EMP0229,2024-10-09,07:51:23,18:22:54,10.53,present
ATT00742,EMP0490,2024-11-11,07:07:39,17:21:18,10.23,wfh
ATT00743,EMP0056,2024-10-29,08:50:45,16:37:54,7.79,present
ATT00744,EMP0057,2024-10-09,08:37:32,18:44:50,10.12,present
ATT00745,EMP0155,2024-10-15,,,,leave
ATT00746,EMP0335,2024-11-14,,,,absent
ATT00747,EMP0288,2024-10-28,,,,absent
ATT00748,EMP0180,2024-10-25,07:39:12,17:12:56,9.56,present
ATT00749,EMP0280,2024-11-19,07:18:54,17:25:58,10.12,present
ATT00750,EMP0113,2024-11-11,07:37:27,17:00:51,9.39,wfh
ATT00751,EMP0264,2024-11-25,08:01:22,17:07:08,9.1,present
ATT00752,EMP0103,2024-10-11,08:48:17,17:10:56,8.38,present
ATT00753,EMP0143,2024-10-16,08:03:28,18:48:38,10.75,present
ATT00754,EMP0368,2024-10-31,08:20:58,17:03:07,8.7,present
ATT00755,EMP0177,2024-12-24,07:15:31,19:12:04,11.94,wfh
ATT00756,EMP0273,2024-10-30,08:29:19,18:17:10,9.8,wfh
ATT00757,EMP0145,2024-10-03,07:58:00,19:11:38,11.23,present
ATT00758,EMP0120,2024-10-14,08:41:05,17:57:28,9.27,wfh
ATT00759,EMP0043,2024-10-17,08:39:50,17:37:08,8.96,present
ATT00760,EMP0166,2024-10-31,07:25:28,17:44:14,10.31,present
ATT00761,EMP0341,2024-10-22,07:30:23,17:46:25,10.27,present
ATT00762,EMP0499,2024-12-23,07:27:54,18:30:20,11.04,present
ATT00763,EMP0354,2024-12-05,09:57:54,19:16:24,9.31,late
ATT00764,EMP0468,2024-10-31,07:57:57,17:44:01,9.77,present
ATT00765,EMP0095,2024-11-01,,,,absent
ATT00766,EMP0151,2024-10-02,09:22:28,17:01:00,7.64,late
ATT00767,EMP0201,2024-10-30,08:37:10,18:20:55,9.73,present
ATT00768,EMP0493,2024-11-18,07:17:03,17:10:45,9.89,present
ATT00769,EMP0322,2024-10-03,07:04:22,17:55:21,10.85,wfh
ATT00770,EMP0316,2024-12-30,,,,absent
ATT00771,EMP0038,2024-12-10,09:15:20,17:17:13,8.03,late
ATT00772,EMP0084,2024-10-30,,,,holiday
ATT00773,EMP0032,2024-12-24,09:12:08,17:37:40,8.43,present
ATT00774,EMP0096,2024-10-23,07:19:15,16:46:54,9.46,present
ATT00775,EMP0149,2024-12-05,08:31:58,20:40:08,12.14,present
ATT00776,EMP0368,2024-11-19,,,,absent
ATT00777,EMP0293,2024-11-13,08:29:38,17:23:44,8.9,present
ATT00778,EMP0289,2024-10-31,09:04:55,17:09:05,8.07,present
ATT00779,EMP0458,2024-10-21,08:34:15,18:40:51,10.11,present
ATT00780,EMP0461,2024-11-13,09:05:44,17:37:11,8.52,present
ATT00781,EMP0100,2024-10-08,,,,leave
ATT00782,EMP0043,2024-12-06,09:34:49,20:31:02,10.94,late
ATT00783,EMP0084,2024-10-01,08:31:40,19:53:36,11.37,present
ATT00784,EMP0177,2024-12-20,09:28:56,17:48:10,8.32,late
ATT00785,EMP0337,2024-12-26,08:37:35,19:22:06,10.74,present
ATT00786,EMP0352,2024-12-11,08:55:39,16:35:21,7.66,present
ATT00787,EMP0335,2024-12-23,,,,leave
ATT00788,EMP0419,2024-12-03,08:45:34,18:27:17,9.7,present
ATT00789,EMP0386,2024-12-11,07:56:33,18:40:32,10.73,present
ATT00790,EMP0483,2024-11-14,08:47:33,17:53:47,9.1,present
ATT00791,EMP0335,2024-12-12,08:10:49,18:44:27,10.56,present
ATT00792,EMP0103,2024-12-30,09:23:25,17:01:47,7.64,late
ATT00793,EMP0314,2024-10-23,08:17:25,20:08:42,11.85,present
ATT00794,EMP0025,2024-11-06,,,,absent
ATT00795,EMP0046,2024-12-05,,,,absent
ATT00796,EMP0182,2024-10-21,08:49:10,18:19:59,9.51,present
ATT00797,EMP0385,2024-12-12,07:55:49,18:47:23,10.86,present
ATT00798,EMP0244,2024-12-06,07:50:37,19:10:35,11.33,present
ATT00799,EMP0183,2024-12-05,07:11:11,18:00:48,10.83,present
ATT00800,EMP0018,2024-11-26,07:34:11,18:46:50,11.21,present
ATT00801,EMP0308,2024-11-05,09:14:40,19:10:48,9.94,present
ATT00802,EMP0483,2024-10-03,,,,absent
ATT00803,EMP0132,2024-12-17,08:28:11,19:12:37,10.74,present
ATT00804,EMP0497,2024-10-25,08:56:11,16:32:54,7.61,wfh
ATT00805,EMP0287,2024-10-24,07:50:10,17:59:17,10.15,present
ATT00806,EMP0420,2024-11-22,,,,absent
ATT00807,EMP0256,2024-11-13,07:18:36,17:38:00,10.32,present
ATT00808,EMP0088,2024-10-03,07:38:44,19:25:10,11.77,present
ATT00809,EMP0139,2024-12-18,09:07:02,17:26:25,8.32,present
ATT00810,EMP0157,2024-12-26,07:16:58,18:52:53,11.6,present
ATT00811,EMP0259,2024-12-23,,,,leave
ATT00812,EMP0459,2024-12-23,07:37:23,19:12:11,11.58,present
ATT00813,EMP0237,2024-11-06,07:30:53,18:41:02,11.17,present
ATT00814,EMP0295,2024-10-23,07:45:14,17:03:47,9.31,present
ATT00815,EMP0269,2024-10-09,07:36:14,17:23:48,9.79,present
ATT00816,EMP0151,2024-10-25,07:34:39,17:08:10,9.56,present
ATT00817,EMP0411,2024-10-17,09:44:05,17:37:14,7.89,late
ATT00818,EMP0181,2024-12-05,08:54:00,16:43:01,7.82,present
ATT00819,EMP0035,2024-12-02,08:09:29,20:42:02,12.54,present
ATT00820,EMP0296,2024-12-09,08:25:17,19:07:59,10.71,present
ATT00821,EMP0422,2024-12-17,09:18:30,19:55:08,10.61,late
ATT00822,EMP0048,2024-11-21,09:33:13,18:00:00,8.45,late
ATT00823,EMP0223,2024-12-31,08:20:14,20:11:12,11.85,present
ATT00824,EMP0353,2024-12-25,08:27:05,20:52:27,12.42,present
ATT00825,EMP0028,2024-12-25,09:02:54,17:43:07,8.67,present
ATT00826,EMP0043,2024-12-03,07:55:56,17:50:26,9.91,present
ATT00827,EMP0205,2024-11-04,07:00:41,18:18:45,11.3,present
ATT00828,EMP0191,2024-12-30,07:27:19,17:12:45,9.76,present
ATT00829,EMP0102,2024-10-02,07:24:22,18:57:52,11.56,present
ATT00830,EMP0061,2024-10-25,08:07:58,17:29:11,9.35,present
ATT00831,EMP0480,2024-11-18,08:30:42,19:33:23,11.04,wfh
ATT00832,EMP0039,2024-10-04,08:26:57,16:43:54,8.28,present
ATT00833,EMP0320,2024-11-07,09:03:50,18:38:18,9.57,present
ATT00834,EMP0406,2024-12-05,07:39:02,18:56:27,11.29,present
ATT00835,EMP0018,2024-12-19,,,,holiday
ATT00836,EMP0261,2024-11-28,07:30:20,18:06:32,10.6,present
ATT00837,EMP0391,2024-12-20,08:28:01,17:53:54,9.43,present
ATT00838,EMP0216,2024-11-27,08:39:39,17:11:19,8.53,present
ATT00839,EMP0175,2024-12-05,09:17:56,17:18:35,8.01,late
ATT00840,EMP0034,2024-10-22,07:28:19,18:49:17,11.35,present
ATT00841,EMP0281,2024-12-26,07:49:31,17:14:17,9.41,present
ATT00842,EMP0278,2024-12-31,08:27:49,18:50:12,10.37,present
ATT00843,EMP0025,2024-12-30,08:52:24,,,present
ATT00844,EMP0043,2024-10-28,08:16:28,16:35:22,8.31,present
ATT00845,EMP0242,2024-11-28,08:49:34,18:47:14,9.96,present
ATT00846,EMP0426,2024-12-18,08:53:48,17:26:35,8.55,present
ATT00847,EMP0473,2024-11-18,08:02:17,20:11:12,12.15,present
ATT00848,EMP0090,2024-10-25,08:27:46,18:04:41,9.62,present
ATT00849,EMP0491,2024-11-05,07:00:38,18:14:32,11.23,present
ATT00850,EMP0057,2024-12-09,08:40:56,18:30:47,9.83,present
ATT00851,EMP0170,2024-12-10,09:26:05,19:46:17,10.34,late
ATT00852,EMP0135,2024-10-08,07:20:49,16:56:51,9.6,present
ATT00853,EMP0009,2024-10-24,09:52:49,17:30:34,7.63,late
ATT00854,EMP0119,2024-12-13,07:16:43,19:03:19,11.78,present
ATT00855,EMP0270,2024-10-28,08:54:41,19:47:06,10.87,present
ATT00856,EMP0275,2024-11-14,,,,absent
ATT00857,EMP0129,2024-10-01,08:14:29,18:17:13,10.05,present
ATT00858,EMP0042,2024-10-29,08:03:25,19:05:34,11.04,wfh
ATT00859,EMP0027,2024-11-15,08:53:41,18:56:26,10.05,present
ATT00860,EMP0471,2024-12-25,08:57:26,20:08:43,11.19,present
ATT00861,EMP0042,2024-11-08,,,,leave
ATT00862,EMP0298,2024-10-30,08:48:14,19:35:59,10.8,present
ATT00863,EMP0433,2024-12-27,07:23:42,,,present
ATT00864,EMP0068,2024-10-15,08:56:44,17:33:23,8.61,present
ATT00865,EMP0430,2024-12-20,08:47:38,16:31:09,7.73,present
ATT00866,EMP0212,2024-12-05,,,,absent
ATT00867,EMP0299,2024-11-15,08:30:59,17:36:53,9.1,present
ATT00868,EMP0407,2024-11-27,,,,leave
ATT00869,EMP0336,2024-10-28,07:00:49,18:21:02,11.34,present
ATT00870,EMP0429,2024-11-19,09:56:53,,,late
ATT00871,EMP0379,2024-11-13,09:16:18,17:23:26,8.12,late
ATT00872,EMP0138,2024-10-03,08:02:21,16:37:45,8.59,present
ATT00873,EMP0279,2024-12-25,07:28:17,19:37:32,12.15,present
ATT00874,EMP0168,2024-11-28,07:13:01,19:30:41,12.29,present
ATT00875,EMP0320,2024-11-22,08:42:13,16:56:25,8.24,present
ATT00876,EMP0314,2024-12-11,08:44:50,17:35:59,8.85,present
ATT00877,EMP0034,2024-11-22,07:11:47,17:26:26,10.24,present
ATT00878,EMP0160,2024-10-18,08:58:36,18:49:05,9.84,present
ATT00879,EMP0092,2024-11-08,08:01:49,20:32:41,12.51,present
ATT00880,EMP0135,2024-11-13,08:27:21,17:32:48,9.09,present
ATT00881,EMP0295,2024-10-28,08:43:38,16:42:30,7.98,present
ATT00882,EMP0060,2024-12-30,,,,absent
ATT00883,EMP0228,2024-12-12,07:36:26,17:19:43,9.72,present
ATT00884,EMP0479,2024-12-11,07:44:32,20:25:01,12.67,present
ATT00885,EMP0271,2024-11-28,09:13:20,18:54:01,9.68,present
ATT00886,EMP0183,2024-10-15,09:10:19,17:08:53,7.98,present
ATT00887,EMP0150,2024-10-29,07:44:29,16:38:41,8.9,present
ATT00888,EMP0402,2024-12-25,08:27:48,17:34:55,9.12,present
ATT00889,EMP0427,2024-10-11,,,,absent
ATT00890,EMP0497,2024-11-26,08:43:46,20:01:26,11.29,present
ATT00891,EMP0038,2024-12-17,08:13:11,16:54:04,8.68,present
ATT00892,EMP0262,2024-12-17,09:25:36,16:45:12,7.33,late
ATT00893,EMP0095,2024-12-13,09:47:53,17:43:36,7.93,late
ATT00894,EMP0301,2024-10-04,09:46:07,17:26:44,7.68,late
ATT00895,EMP0207,2024-12-05,08:56:49,17:49:51,8.88,wfh
ATT00896,EMP0071,2024-11-25,07:29:05,20:47:58,13.31,wfh
ATT00897,EMP0145,2024-12-26,07:34:27,18:39:16,11.08,present
ATT00898,EMP0310,2024-12-10,07:25:37,18:10:01,10.74,present
ATT00899,EMP0376,2024-11-07,07:45:44,17:56:05,10.17,present
ATT00900,EMP0145,2024-11-20,09:12:15,18:19:43,9.12,present
ATT00901,EMP0150,2024-10-30,09:09:44,16:33:18,7.39,present
ATT00902,EMP0209,2024-10-29,09:51:39,19:28:01,9.61,late
ATT00903,EMP0381,2024-11-27,08:38:11,17:39:21,9.02,present
ATT00904,EMP0378,2024-12-06,,,,absent
ATT00905,EMP0051,2024-10-17,08:28:12,16:41:16,8.22,wfh
ATT00906,EMP0051,2024-10-15,08:33:10,18:14:35,9.69,present
ATT00907,EMP0476,2024-10-02,08:47:49,18:42:50,9.92,present
ATT00908,EMP0093,2024-12-16,07:51:03,17:50:55,10.0,present
ATT00909,EMP0311,2024-10-16,09:10:52,17:29:46,8.32,present
ATT00910,EMP0448,2024-10-28,08:07:26,20:32:55,12.42,present
ATT00911,EMP0034,2024-10-01,09:39:40,19:41:17,10.03,late
ATT00912,EMP0300,2024-10-31,,,,absent
ATT00913,EMP0023,2024-10-24,09:03:43,17:21:56,8.3,present
ATT00914,EMP0179,2024-12-04,09:08:37,16:33:24,7.41,wfh
ATT00915,EMP0436,2024-12-03,09:13:16,17:57:54,8.74,present
ATT00916,EMP0429,2024-10-16,09:08:05,18:00:12,8.87,present
ATT00917,EMP0028,2024-10-30,08:49:02,17:30:03,8.68,present
ATT00918,EMP0191,2024-11-28,,,,holiday
ATT00919,EMP0061,2024-10-07,08:09:26,18:02:28,9.88,present
ATT00920,EMP0373,2024-10-15,07:13:01,16:46:40,9.56,present
ATT00921,EMP0028,2024-10-01,07:29:10,19:09:33,11.67,present
ATT00922,EMP0118,2024-10-30,07:38:26,17:41:55,10.06,present
ATT00923,EMP0250,2024-12-26,08:53:19,18:48:01,9.91,present
ATT00924,EMP0065,2024-11-18,09:13:01,20:09:33,10.94,present
ATT00925,EMP0378,2024-11-21,09:51:11,20:40:17,10.82,late
ATT00926,EMP0397,2024-10-14,,,,absent
ATT00927,EMP0391,2024-11-20,09:19:26,16:43:59,7.41,late
ATT00928,EMP0085,2024-10-11,08:43:07,19:54:07,11.18,present
ATT00929,EMP0293,2024-11-15,,,,absent
ATT00930,EMP0097,2024-12-31,,,,absent
ATT00931,EMP0059,2024-12-27,07:51:30,19:25:08,11.56,present
ATT00932,EMP0442,2024-11-20,07:35:02,17:53:01,10.3,present
ATT00933,EMP0023,2024-12-10,07:39:07,20:03:40,12.41,present
ATT00934,EMP0210,2024-10-29,09:41:12,18:17:17,8.6,late
ATT00935,EMP0446,2024-12-24,07:20:51,19:40:41,12.33,present
ATT00936,EMP0288,2024-12-03,07:41:16,18:33:43,10.87,present
ATT00937,EMP0320,2024-11-25,08:57:00,17:11:00,8.23,present
ATT00938,EMP0180,2024-12-11,09:11:18,17:19:10,8.13,wfh
ATT00939,EMP0271,2024-11-12,09:14:23,17:26:38,8.2,present
ATT00940,EMP0191,2024-11-27,07:37:05,17:14:29,9.62,present
ATT00941,EMP0129,2024-11-12,,,,absent
ATT00942,EMP0293,2024-10-28,08:15:00,17:35:58,9.35,present
ATT00943,EMP0453,2024-10-28,09:51:28,19:52:52,10.02,late
ATT00944,EMP0025,2024-10-15,09:00:15,19:41:48,10.69,present
ATT00945,EMP0039,2024-10-22,08:00:08,18:15:24,10.25,present
ATT00946,EMP0092,2024-10-18,08:08:54,18:02:22,9.89,present
ATT00947,EMP0286,2024-10-23,08:14:44,19:16:32,11.03,present
ATT00948,EMP0093,2024-10-14,07:44:34,20:50:23,13.1,wfh
ATT00949,EMP0174,2024-11-28,08:43:01,17:55:25,9.21,present
ATT00950,EMP0442,2024-11-26,09:04:53,17:07:22,8.04,present
ATT00951,EMP0371,2024-11-12,09:09:28,20:15:33,11.1,wfh
ATT00952,EMP0465,2024-12-25,08:17:45,19:26:09,11.14,wfh
ATT00953,EMP0279,2024-12-12,09:23:14,19:02:24,9.65,late
ATT00954,EMP0074,2024-11-22,08:51:29,19:18:37,10.45,present
ATT00955,EMP0458,2024-11-06,07:08:23,18:36:52,11.47,present
ATT00956,EMP0301,2024-10-07,08:58:54,17:08:47,8.16,present
ATT00957,EMP0229,2024-10-29,07:16:11,19:11:10,11.92,present
ATT00958,EMP0250,2024-11-04,08:36:39,17:00:24,8.4,present
ATT00959,EMP0214,2024-10-11,08:25:04,20:59:36,12.58,wfh
ATT00960,EMP0033,2024-10-07,08:26:11,17:57:22,9.52,wfh
ATT00961,EMP0157,2024-12-09,08:39:37,17:37:58,8.97,wfh
ATT00962,EMP0113,2024-12-27,,,,leave
ATT00963,EMP0295,2024-12-10,09:09:50,17:13:20,8.06,present
ATT00964,EMP0458,2024-11-27,08:47:30,19:35:32,10.8,present
ATT00965,EMP0202,2024-12-16,09:46:28,17:23:58,7.62,late
ATT00966,EMP0425,2024-11-26,,,,absent
ATT00967,EMP0483,2024-11-01,08:00:19,17:15:16,9.25,present
ATT00968,EMP0006,2024-10-30,08:11:03,18:57:38,10.78,present
ATT00969,EMP0155,2024-12-13,07:06:20,17:38:33,10.54,present
ATT00970,EMP0057,2024-12-26,09:03:48,17:09:08,8.09,present
ATT00971,EMP0208,2024-10-25,08:00:01,16:58:04,8.97,present
ATT00972,EMP0029,2024-10-24,08:19:03,20:59:25,12.67,present
ATT00973,EMP0148,2024-12-31,07:53:39,17:50:19,9.94,wfh
ATT00974,EMP0385,2024-12-27,09:10:42,17:54:02,8.72,wfh
ATT00975,EMP0171,2024-11-05,08:46:59,17:13:19,8.44,present
ATT00976,EMP0467,2024-11-01,07:01:13,20:20:09,13.32,present
ATT00977,EMP0270,2024-10-07,09:13:34,20:08:02,10.91,present
ATT00978,EMP0495,2024-10-02,08:39:34,19:41:20,11.03,present
ATT00979,EMP0407,2024-12-04,09:06:19,17:47:50,8.69,present
ATT00980,EMP0459,2024-11-29,,,,absent
ATT00981,EMP0393,2024-12-05,09:11:08,18:58:00,9.78,present
ATT00982,EMP0209,2024-10-01,08:39:45,17:03:33,8.4,present
ATT00983,EMP0063,2024-12-25,07:14:21,17:01:36,9.79,present
ATT00984,EMP0496,2024-12-30,08:27:27,17:39:16,9.2,present
ATT00985,EMP0124,2024-11-07,08:57:39,19:08:58,10.19,present
ATT00986,EMP0092,2024-11-28,08:52:49,16:50:54,7.97,present
ATT00987,EMP0437,2024-12-30,,,,absent
ATT00988,EMP0169,2024-12-10,08:25:34,17:56:00,9.51,present
ATT00989,EMP0337,2024-11-05,09:45:42,18:15:40,8.5,late
ATT00990,EMP0279,2024-10-08,07:28:39,19:26:06,11.96,wfh
ATT00991,EMP0289,2024-11-21,08:27:36,18:30:09,10.04,wfh
ATT00992,EMP0343,2024-12-20,09:15:19,17:50:19,8.58,late
ATT00993,EMP0030,2024-11-20,08:16:07,,,present
ATT00994,EMP0207,2024-10-03,09:02:20,17:04:42,8.04,present
ATT00995,EMP0263,2024-10-11,07:30:42,18:54:25,11.4,present
ATT00996,EMP0301,2024-12-13,,,,absent
ATT00997,EMP0295,2024-11-11,,,,holiday
ATT00998,EMP0195,2024-11-08,07:00:03,20:31:31,13.52,present
ATT00999,EMP0287,2024-11-15,07:41:10,17:31:22,9.84,present
ATT01000,EMP0183,2024-10-07,07:14:26,17:48:36,10.57,present
ATT01001,EMP0141,2024-11-14,09:02:02,17:44:21,8.71,present
ATT01002,EMP0256,2024-11-15,08:47:53,17:37:12,8.82,present
ATT01003,EMP0005,2024-11-11,08:30:12,17:29:02,8.98,present
ATT01004,EMP0028,2024-11-08,07:19:46,17:51:18,10.53,present
ATT01005,EMP0257,2024-10-01,08:17:54,20:18:35,12.01,present
ATT01006,EMP0277,2024-10-09,08:00:49,18:31:27,10.51,present
ATT01007,EMP0342,2024-12-13,09:43:47,19:55:08,10.19,late
ATT01008,EMP0013,2024-12-30,09:35:04,16:52:53,7.3,late
ATT01009,EMP0474,2024-11-25,08:26:20,17:49:48,9.39,present
ATT01010,EMP0494,2024-10-09,,,,absent
ATT01011,EMP0313,2024-11-07,09:45:40,16:59:44,7.23,late
ATT01012,EMP0341,2024-11-20,,,,absent
ATT01013,EMP0500,2024-10-21,09:20:30,17:42:10,8.36,late
ATT01014,EMP0145,2024-12-09,08:37:22,17:17:22,8.67,present
ATT01015,EMP0359,2024-11-28,08:12:16,16:49:52,8.63,present
ATT01016,EMP0108,2024-11-05,09:50:50,18:32:00,8.69,late
ATT01017,EMP0010,2024-12-16,08:22:34,17:46:47,9.4,present
ATT01018,EMP0049,2024-11-28,,,,absent
ATT01019,EMP0419,2024-11-13,07:20:57,20:16:17,12.92,present
ATT01020,EMP0304,2024-10-03,,,,leave
ATT01021,EMP0060,2024-10-23,09:12:39,19:42:23,10.5,present
ATT01022,EMP0482,2024-11-15,07:38:42,17:58:25,10.33,present
ATT01023,EMP0104,2024-11-21,07:41:31,20:00:03,12.31,present
ATT01024,EMP0432,2024-11-14,,,,holiday
ATT01025,EMP0269,2024-10-29,08:00:37,17:57:53,9.95,present
ATT01026,EMP0275,2024-11-06,07:45:19,18:57:19,11.2,present
ATT01027,EMP0228,2024-10-17,07:34:17,16:54:15,9.33,present
ATT01028,EMP0492,2024-11-20,09:26:05,16:51:13,7.42,late
ATT01029,EMP0191,2024-10-11,08:24:25,17:49:47,9.42,present
ATT01030,EMP0048,2024-10-28,09:00:15,18:58:52,9.98,present
ATT01031,EMP0074,2024-10-01,08:35:25,18:40:44,10.09,present
ATT01032,EMP0148,2024-10-11,09:00:42,20:34:34,11.56,present
ATT01033,EMP0499,2024-11-18,07:09:25,18:10:38,11.02,present
ATT01034,EMP0109,2024-10-21,09:05:05,19:18:44,10.23,present
ATT01035,EMP0492,2024-12-19,,,,absent
ATT01036,EMP0209,2024-10-22,08:45:38,17:55:13,9.16,present
ATT01037,EMP0316,2024-12-23,09:03:21,19:08:12,10.08,present
ATT01038,EMP0321,2024-10-22,,,,leave
ATT01039,EMP0305,2024-11-19,,,,absent
ATT01040,EMP0051,2024-12-03,07:59:12,20:19:16,12.33,wfh
ATT01041,EMP0057,2024-12-03,09:47:58,16:54:49,7.11,late
ATT01042,EMP0108,2024-12-09,08:31:02,20:02:38,11.53,wfh
ATT01043,EMP0469,2024-10-03,07:02:43,17:38:44,10.6,present
ATT01044,EMP0400,2024-10-16,08:05:34,18:55:14,10.83,present
ATT01045,EMP0041,2024-10-29,09:20:12,17:51:24,8.52,late
ATT01046,EMP0091,2024-11-29,09:21:06,18:34:17,9.22,late
ATT01047,EMP0100,2024-11-04,08:21:35,16:40:10,8.31,present
ATT01048,EMP0304,2024-12-02,08:15:11,17:07:38,8.87,present
ATT01049,EMP0022,2024-11-29,09:17:18,20:51:43,11.57,late
ATT01050,EMP0249,2024-12-17,09:02:09,16:40:14,7.63,wfh
ATT01051,EMP0063,2024-12-31,08:57:30,16:45:30,7.8,present
ATT01052,EMP0498,2024-12-11,09:38:45,18:18:30,8.66,late
ATT01053,EMP0130,2024-10-30,,,,absent
ATT01054,EMP0115,2024-12-25,,,,leave
ATT01055,EMP0497,2024-10-11,09:11:50,16:57:34,7.76,present
ATT01056,EMP0480,2024-11-11,09:55:57,17:05:28,7.16,late
ATT01057,EMP0424,2024-12-27,07:18:24,17:52:39,10.57,present
ATT01058,EMP0357,2024-12-20,08:21:46,17:36:17,9.24,present
ATT01059,EMP0412,2024-12-05,08:56:50,20:51:24,11.91,present
ATT01060,EMP0121,2024-10-08,08:08:55,19:11:15,11.04,present
ATT01061,EMP0025,2024-12-19,08:44:48,19:59:00,11.24,present
ATT01062,EMP0114,2024-10-01,08:14:00,17:47:24,9.56,wfh
ATT01063,EMP0367,2024-12-03,,,,leave
ATT01064,EMP0013,2024-12-05,07:47:34,18:01:08,10.23,present
ATT01065,EMP0420,2024-11-29,08:31:52,20:00:13,11.47,present
ATT01066,EMP0269,2024-10-01,08:33:25,16:40:59,8.13,present
ATT01067,EMP0195,2024-12-23,07:25:15,16:42:25,9.29,present
ATT01068,EMP0052,2024-10-24,07:27:53,16:41:02,9.22,present
ATT01069,EMP0059,2024-10-21,07:46:33,17:41:40,9.92,present
ATT01070,EMP0378,2024-10-24,09:32:53,16:49:34,7.28,late
ATT01071,EMP0301,2024-12-27,08:07:00,17:37:02,9.5,present
ATT01072,EMP0354,2024-11-29,08:07:10,16:55:47,8.81,present
ATT01073,EMP0073,2024-10-07,07:40:01,17:23:08,9.72,wfh
ATT01074,EMP0410,2024-11-26,07:38:16,18:10:44,10.54,present
ATT01075,EMP0151,2024-11-25,07:49:29,18:36:29,10.78,present
ATT01076,EMP0342,2024-12-16,09:09:23,17:54:07,8.75,present
ATT01077,EMP0180,2024-10-07,09:40:02,16:49:45,7.16,late
ATT01078,EMP0064,2024-10-10,,,,leave
ATT01079,EMP0183,2024-10-24,08:27:02,17:55:29,9.47,present
ATT01080,EMP0447,2024-11-15,08:58:52,20:59:18,12.01,present
ATT01081,EMP0243,2024-10-28,09:05:16,18:40:37,9.59,present
ATT01082,EMP0265,2024-10-14,07:02:20,18:47:35,11.75,present
ATT01083,EMP0338,2024-12-04,08:18:44,18:59:21,10.68,present
ATT01084,EMP0047,2024-12-27,07:32:05,17:35:01,10.05,present
ATT01085,EMP0190,2024-11-22,09:08:07,19:22:40,10.24,present
ATT01086,EMP0263,2024-10-03,08:33:13,18:56:53,10.39,present
ATT01087,EMP0019,2024-11-20,08:48:21,19:25:10,10.61,present
ATT01088,EMP0202,2024-11-01,07:38:50,18:09:07,10.5,present
ATT01089,EMP0459,2024-10-16,09:54:31,16:40:44,6.77,late
ATT01090,EMP0085,2024-10-17,,,,absent
ATT01091,EMP0228,2024-10-21,09:39:00,17:51:26,8.21,late
ATT01092,EMP0058,2024-11-15,07:51:26,17:19:34,9.47,wfh
ATT01093,EMP0494,2024-11-28,08:01:28,16:39:28,8.63,present
ATT01094,EMP0196,2024-10-22,09:02:48,19:57:58,10.92,present
ATT01095,EMP0111,2024-11-07,08:01:08,17:22:51,9.36,present
ATT01096,EMP0170,2024-11-25,,,,absent
ATT01097,EMP0490,2024-10-15,07:23:32,18:01:04,10.63,wfh
ATT01098,EMP0459,2024-11-22,08:12:43,16:32:28,8.33,present
ATT01099,EMP0353,2024-11-22,07:43:46,17:27:31,9.73,present
ATT01100,EMP0061,2024-12-11,07:20:27,16:41:33,9.35,present
ATT01101,EMP0484,2024-10-08,08:36:03,18:08:11,9.54,wfh
ATT01102,EMP0192,2024-12-13,08:19:04,17:15:37,8.94,present
ATT01103,EMP0057,2024-11-28,08:19:28,18:03:45,9.74,present
ATT01104,EMP0166,2024-10-09,08:16:46,18:13:06,9.94,present
ATT01105,EMP0058,2024-10-01,09:12:20,20:37:03,11.41,present
ATT01106,EMP0064,2024-12-25,08:46:29,17:36:59,8.84,present
ATT01107,EMP0029,2024-12-24,09:01:48,19:27:47,10.43,present
ATT01108,EMP0227,2024-12-11,08:54:45,19:37:13,10.71,present
ATT01109,EMP0348,2024-10-18,08:21:24,17:35:15,9.23,present
ATT01110,EMP0164,2024-10-29,07:56:20,20:16:40,12.34,present
ATT01111,EMP0377,2024-11-13,09:08:29,19:35:00,10.44,present
ATT01112,EMP0050,2024-11-28,09:58:29,16:54:11,6.93,late
ATT01113,EMP0104,2024-11-01,07:47:44,20:54:30,13.11,present
ATT01114,EMP0420,2024-10-18,09:01:34,18:15:54,9.24,present
ATT01115,EMP0406,2024-10-03,07:51:41,17:36:11,9.74,present
ATT01116,EMP0299,2024-11-07,,,,absent
ATT01117,EMP0472,2024-10-23,07:01:38,18:27:31,11.43,present
ATT01118,EMP0104,2024-12-31,09:28:12,17:44:45,8.28,late
ATT01119,EMP0148,2024-12-12,08:44:30,17:50:43,9.1,present
ATT01120,EMP0005,2024-11-18,07:13:36,19:18:16,12.08,present
ATT01121,EMP0370,2024-11-04,07:11:55,17:20:15,10.14,wfh
ATT01122,EMP0311,2024-11-12,07:52:25,20:24:39,12.54,present
ATT01123,EMP0039,2024-12-17,08:41:11,18:10:28,9.49,present
ATT01124,EMP0130,2024-12-09,08:58:15,17:14:46,8.28,present
ATT01125,EMP0118,2024-11-21,08:55:21,17:02:08,8.11,present
ATT01126,EMP0214,2024-10-24,09:58:11,16:48:06,6.83,late
ATT01127,EMP0262,2024-12-12,08:44:00,17:27:39,8.73,present
ATT01128,EMP0371,2024-11-20,09:29:48,17:33:17,8.06,late
ATT01129,EMP0166,2024-11-13,08:08:13,18:31:42,10.39,present
ATT01130,EMP0397,2024-10-22,09:53:37,17:56:38,8.05,late
ATT01131,EMP0454,2024-12-13,07:51:43,20:21:52,12.5,present
ATT01132,EMP0158,2024-12-27,08:55:05,18:53:17,9.97,present
ATT01133,EMP0003,2024-10-21,09:05:08,19:03:58,9.98,present
ATT01134,EMP0262,2024-11-04,08:20:27,17:12:35,8.87,present
ATT01135,EMP0481,2024-11-14,07:07:01,16:52:53,9.76,present
ATT01136,EMP0443,2024-10-23,09:33:15,17:43:09,8.16,late
ATT01137,EMP0370,2024-11-01,09:42:40,17:58:08,8.26,late
ATT01138,EMP0412,2024-10-22,08:28:29,,,wfh
ATT01139,EMP0432,2024-11-13,08:13:13,17:26:56,9.23,present
ATT01140,EMP0081,2024-10-08,09:08:44,16:42:25,7.56,present
ATT01141,EMP0143,2024-11-13,09:45:01,20:00:13,10.25,late
ATT01142,EMP0480,2024-10-08,08:23:03,17:24:51,9.03,present
ATT01143,EMP0473,2024-10-14,07:21:39,18:10:39,10.82,present
ATT01144,EMP0439,2024-12-10,08:50:19,17:40:18,8.83,present
ATT01145,EMP0082,2024-11-07,07:46:52,16:50:30,9.06,present
ATT01146,EMP0170,2024-10-21,09:04:46,16:34:57,7.5,present
ATT01147,EMP0421,2024-11-06,08:17:01,19:30:50,11.23,present
ATT01148,EMP0465,2024-10-21,09:47:10,,,late
ATT01149,EMP0447,2024-10-02,,,,leave
ATT01150,EMP0268,2024-10-18,09:44:26,17:23:36,7.65,late
ATT01151,EMP0211,2024-11-06,07:53:59,19:53:10,11.99,present
ATT01152,EMP0285,2024-10-25,,,,absent
ATT01153,EMP0092,2024-10-22,07:53:02,17:45:25,9.87,present
ATT01154,EMP0235,2024-11-27,07:51:32,18:40:54,10.82,present
ATT01155,EMP0265,2024-12-06,08:56:50,18:26:46,9.5,present
ATT01156,EMP0425,2024-11-19,,,,leave
ATT01157,EMP0284,2024-11-05,07:18:36,20:17:20,12.98,wfh
ATT01158,EMP0409,2024-10-25,08:31:41,17:06:33,8.58,present
ATT01159,EMP0127,2024-12-09,07:37:44,20:47:36,13.16,wfh
ATT01160,EMP0221,2024-11-04,09:53:50,17:16:38,7.38,late
ATT01161,EMP0428,2024-11-13,09:08:27,16:48:47,7.67,present
ATT01162,EMP0309,2024-12-26,09:35:00,18:38:44,9.06,late
ATT01163,EMP0169,2024-12-17,09:03:09,19:49:55,10.78,present
ATT01164,EMP0033,2024-11-14,09:33:13,17:08:47,7.59,late
ATT01165,EMP0295,2024-10-29,07:37:16,19:06:08,11.48,present
ATT01166,EMP0040,2024-10-10,07:10:45,17:42:55,10.54,present
ATT01167,EMP0335,2024-11-21,07:21:39,18:35:59,11.24,present
ATT01168,EMP0125,2024-12-12,08:14:16,16:30:44,8.27,present
ATT01169,EMP0066,2024-11-20,07:11:43,20:27:47,13.27,present
ATT01170,EMP0088,2024-11-20,09:23:58,17:52:37,8.48,late
ATT01171,EMP0172,2024-10-31,,,,leave
ATT01172,EMP0275,2024-10-02,08:45:58,18:31:19,9.76,present
ATT01173,EMP0301,2024-10-11,07:52:56,17:21:25,9.47,present
ATT01174,EMP0375,2024-12-20,09:07:47,20:04:54,10.95,present
ATT01175,EMP0217,2024-11-22,08:49:32,17:58:08,9.14,present
ATT01176,EMP0413,2024-11-08,09:43:33,20:03:21,10.33,late
ATT01177,EMP0287,2024-11-05,09:08:54,18:04:24,8.93,present
ATT01178,EMP0442,2024-11-19,08:03:24,17:46:12,9.71,present
ATT01179,EMP0303,2024-12-09,09:11:16,18:25:19,9.23,present
ATT01180,EMP0167,2024-10-29,,,,absent
ATT01181,EMP0304,2024-11-08,08:47:36,18:25:01,9.62,present
ATT01182,EMP0281,2024-10-24,09:05:32,19:43:28,10.63,present
ATT01183,EMP0013,2024-11-12,08:17:36,19:12:56,10.92,present
ATT01184,EMP0416,2024-12-26,09:08:15,16:57:39,7.82,present
ATT01185,EMP0245,2024-11-08,08:09:12,19:51:07,11.7,present
ATT01186,EMP0353,2024-12-31,07:53:34,16:48:56,8.92,wfh
ATT01187,EMP0412,2024-10-25,07:26:05,19:25:08,11.98,present
ATT01188,EMP0066,2024-11-18,,,,absent
ATT01189,EMP0467,2024-12-05,07:06:26,18:22:57,11.28,present
ATT01190,EMP0334,2024-11-14,08:46:28,19:17:21,10.51,wfh
ATT01191,EMP0443,2024-10-17,,,,absent
ATT01192,EMP0168,2024-11-25,09:57:59,19:20:20,9.37,late
ATT01193,EMP0481,2024-12-11,08:56:31,18:06:11,9.16,wfh
ATT01194,EMP0016,2024-10-11,08:30:27,18:00:00,9.49,present
ATT01195,EMP0362,2024-10-18,07:24:33,20:21:33,12.95,present
ATT01196,EMP0157,2024-11-13,08:51:33,17:18:43,8.45,present
ATT01197,EMP0486,2024-11-01,07:22:04,19:24:22,12.04,present
ATT01198,EMP0405,2024-12-27,08:20:06,17:11:57,8.86,present
ATT01199,EMP0337,2024-10-01,,,,leave
ATT01200,EMP0093,2024-10-03,,,,absent
ATT01201,EMP0202,2024-12-13,08:55:19,18:04:49,9.16,present
ATT01202,EMP0362,2024-11-29,08:37:39,20:59:18,12.36,present
ATT01203,EMP0003,2024-12-25,07:09:51,17:12:33,10.04,present
ATT01204,EMP0119,2024-11-01,08:58:34,19:01:32,10.05,present
ATT01205,EMP0065,2024-11-25,,,,absent
ATT01206,EMP0467,2024-12-16,,,,leave
ATT01207,EMP0375,2024-11-05,07:53:20,20:55:02,13.03,present
ATT01208,EMP0405,2024-12-11,09:01:28,16:37:26,7.6,present
ATT01209,EMP0430,2024-12-03,,,,absent
ATT01210,EMP0059,2024-12-06,07:02:56,18:51:59,11.82,present
ATT01211,EMP0300,2024-11-05,08:09:58,17:32:41,9.38,present
ATT01212,EMP0151,2024-11-27,08:03:11,16:55:44,8.88,present
ATT01213,EMP0031,2024-11-29,08:46:03,17:01:38,8.26,present
ATT01214,EMP0224,2024-12-24,08:47:04,17:17:42,8.51,present
ATT01215,EMP0487,2024-11-12,08:00:37,19:40:04,11.66,present
ATT01216,EMP0339,2024-11-28,09:53:31,20:08:53,10.26,late
ATT01217,EMP0311,2024-11-11,08:21:09,18:07:13,9.77,present
ATT01218,EMP0277,2024-10-03,,,,absent
ATT01219,EMP0443,2024-10-14,08:24:39,18:33:00,10.14,wfh
ATT01220,EMP0062,2024-10-24,08:20:58,16:44:13,8.39,present
ATT01221,EMP0143,2024-12-12,08:48:49,19:48:44,11.0,present
ATT01222,EMP0030,2024-11-06,08:19:32,16:48:20,8.48,present
ATT01223,EMP0298,2024-12-12,09:55:40,17:36:16,7.68,late
ATT01224,EMP0341,2024-10-14,09:36:37,16:34:42,6.97,late
ATT01225,EMP0062,2024-12-18,08:00:10,18:17:09,10.28,present
ATT01226,EMP0465,2024-10-24,09:13:51,16:55:14,7.69,present
ATT01227,EMP0136,2024-11-07,07:22:58,17:21:33,9.98,present
ATT01228,EMP0133,2024-12-05,09:54:53,16:44:12,6.82,late
ATT01229,EMP0059,2024-10-07,08:09:02,17:06:36,8.96,present
ATT01230,EMP0160,2024-10-02,09:07:42,20:30:18,11.38,present
ATT01231,EMP0375,2024-12-12,08:27:29,18:39:23,10.2,present
ATT01232,EMP0073,2024-11-19,07:42:19,17:32:57,9.84,present
ATT01233,EMP0413,2024-12-19,08:47:17,17:12:00,8.41,present
ATT01234,EMP0129,2024-10-16,08:33:48,17:53:38,9.33,present
ATT01235,EMP0211,2024-11-12,08:50:41,19:44:32,10.9,present
ATT01236,EMP0057,2024-11-14,08:06:36,19:10:15,11.06,present
ATT01237,EMP0381,2024-11-12,,,,leave
ATT01238,EMP0030,2024-12-24,09:12:14,17:57:27,8.75,present
ATT01239,EMP0348,2024-10-30,07:47:41,18:46:35,10.98,present
ATT01240,EMP0424,2024-10-01,08:45:39,18:10:29,9.41,present
ATT01241,EMP0309,2024-11-07,09:45:18,17:06:54,7.36,late
ATT01242,EMP0265,2024-11-28,08:12:44,16:42:25,8.49,present
ATT01243,EMP0061,2024-10-16,09:52:13,17:23:05,7.51,late
ATT01244,EMP0317,2024-11-11,08:59:57,17:29:34,8.49,present
ATT01245,EMP0369,2024-11-19,08:09:18,17:56:24,9.79,wfh
ATT01246,EMP0003,2024-12-16,08:52:21,18:26:39,9.57,present
ATT01247,EMP0447,2024-12-02,08:37:53,16:59:26,8.36,present
ATT01248,EMP0224,2024-12-19,07:15:08,20:46:09,13.52,present
ATT01249,EMP0355,2024-10-30,07:41:30,17:28:39,9.79,present
ATT01250,EMP0019,2024-10-17,08:37:01,17:56:10,9.32,present
ATT01251,EMP0405,2024-10-03,07:30:43,16:31:45,9.02,present
ATT01252,EMP0118,2024-10-31,,,,absent
ATT01253,EMP0097,2024-11-11,,,,leave
ATT01254,EMP0476,2024-10-08,,,,absent
ATT01255,EMP0474,2024-10-31,09:35:52,18:55:51,9.33,late
ATT01256,EMP0120,2024-11-06,09:08:40,20:03:42,10.92,present
ATT01257,EMP0121,2024-10-23,09:44:28,18:45:16,9.01,late
ATT01258,EMP0181,2024-12-20,07:40:50,20:26:31,12.76,present
ATT01259,EMP0040,2024-12-19,08:20:12,17:52:56,9.55,present
ATT01260,EMP0138,2024-10-24,08:34:39,16:56:28,8.36,present
ATT01261,EMP0023,2024-10-22,09:03:29,17:22:37,8.32,wfh
ATT01262,EMP0469,2024-11-06,07:20:31,16:47:37,9.45,present
ATT01263,EMP0233,2024-11-22,08:23:32,19:10:25,10.78,present
ATT01264,EMP0440,2024-12-17,08:13:32,18:35:32,10.37,present
ATT01265,EMP0095,2024-10-11,,,,absent
ATT01266,EMP0242,2024-10-01,,,,absent
ATT01267,EMP0105,2024-12-05,08:26:13,16:57:09,8.52,present
ATT01268,EMP0024,2024-10-31,07:43:30,19:05:09,11.36,present
ATT01269,EMP0439,2024-12-13,07:37:25,17:11:07,9.56,wfh
ATT01270,EMP0065,2024-10-15,09:12:42,16:50:54,7.64,present
ATT01271,EMP0492,2024-10-29,08:47:05,17:09:59,8.38,wfh
ATT01272,EMP0130,2024-10-14,08:41:50,19:54:41,11.21,wfh
ATT01273,EMP0065,2024-12-17,07:32:49,17:52:51,10.33,wfh
ATT01274,EMP0141,2024-10-30,09:56:52,20:00:58,10.07,late
ATT01275,EMP0165,2024-11-28,08:24:45,16:57:07,8.54,present
ATT01276,EMP0288,2024-10-29,07:29:37,17:14:30,9.75,present
ATT01277,EMP0379,2024-11-07,07:37:35,,,present
ATT01278,EMP0286,2024-12-16,07:24:35,17:14:17,9.83,present
ATT01279,EMP0106,2024-12-18,09:08:42,19:42:19,10.56,present
ATT01280,EMP0171,2024-11-26,,,,holiday
ATT01281,EMP0162,2024-11-07,08:57:29,16:37:45,7.67,present
ATT01282,EMP0474,2024-10-03,08:02:26,20:20:29,12.3,wfh
ATT01283,EMP0120,2024-12-11,08:39:26,17:12:21,8.55,present
ATT01284,EMP0181,2024-12-06,08:44:28,16:55:31,8.18,present
ATT01285,EMP0496,2024-12-23,08:15:47,17:49:10,9.56,present
ATT01286,EMP0056,2024-10-21,09:14:56,17:06:20,7.86,present
ATT01287,EMP0446,2024-10-23,08:21:40,16:51:54,8.5,present
ATT01288,EMP0476,2024-10-21,08:28:43,16:41:08,8.21,wfh
ATT01289,EMP0358,2024-12-25,09:01:33,20:39:38,11.63,present
ATT01290,EMP0256,2024-10-24,09:14:47,17:33:17,8.31,wfh
ATT01291,EMP0035,2024-11-01,09:13:17,18:02:19,8.82,present
ATT01292,EMP0343,2024-11-11,09:47:34,17:06:04,7.31,late
ATT01293,EMP0078,2024-11-12,08:04:19,20:03:41,11.99,present
ATT01294,EMP0033,2024-12-31,09:01:48,17:59:14,8.96,present
ATT01295,EMP0149,2024-10-15,,,,absent
ATT01296,EMP0210,2024-10-16,09:12:20,,,wfh
ATT01297,EMP0161,2024-11-15,07:12:25,20:07:20,12.92,present
ATT01298,EMP0207,2024-10-24,09:12:25,17:47:02,8.58,present
ATT01299,EMP0109,2024-10-08,08:40:28,20:39:28,11.98,present
ATT01300,EMP0275,2024-12-26,,,,absent
ATT01301,EMP0127,2024-10-24,08:03:55,17:14:40,9.18,present
ATT01302,EMP0135,2024-10-16,,,,absent
ATT01303,EMP0327,2024-10-25,09:55:17,18:27:32,8.54,late
ATT01304,EMP0402,2024-12-18,08:16:26,20:36:51,12.34,present
ATT01305,EMP0045,2024-12-16,,,,absent
ATT01306,EMP0467,2024-10-15,08:01:58,17:52:49,9.85,present
ATT01307,EMP0476,2024-11-27,08:46:54,19:19:52,10.55,present
ATT01308,EMP0292,2024-10-30,09:19:27,17:08:39,7.82,late
ATT01309,EMP0437,2024-11-19,08:30:13,20:32:42,12.04,present
ATT01310,EMP0209,2024-10-04,07:55:07,18:37:31,10.71,wfh
ATT01311,EMP0023,2024-10-02,08:28:45,17:38:58,9.17,present
ATT01312,EMP0500,2024-10-04,09:10:09,20:14:06,11.07,wfh
ATT01313,EMP0497,2024-10-04,08:25:35,17:45:02,9.32,wfh
ATT01314,EMP0468,2024-10-04,07:36:53,17:21:35,9.75,present
ATT01315,EMP0051,2024-11-27,,,,absent
ATT01316,EMP0102,2024-10-15,08:58:45,18:41:10,9.71,present
ATT01317,EMP0051,2024-11-04,07:14:11,18:05:24,10.85,present
ATT01318,EMP0305,2024-10-17,09:05:04,18:40:47,9.6,present
ATT01319,EMP0281,2024-12-05,08:34:15,19:51:24,11.29,present
ATT01320,EMP0038,2024-10-04,07:29:58,17:19:18,9.82,present
ATT01321,EMP0466,2024-10-28,08:54:30,18:24:11,9.49,present
ATT01322,EMP0221,2024-11-26,09:01:22,18:34:18,9.55,present
ATT01323,EMP0243,2024-10-21,09:01:58,20:17:47,11.26,wfh
ATT01324,EMP0318,2024-11-21,08:07:27,17:28:00,9.34,present
ATT01325,EMP0484,2024-11-21,,,,absent
ATT01326,EMP0162,2024-10-29,,,,holiday
ATT01327,EMP0052,2024-10-25,08:00:10,17:04:32,9.07,present
ATT01328,EMP0383,2024-12-25,09:40:36,17:41:53,8.02,late
ATT01329,EMP0177,2024-12-26,,,,leave
ATT01330,EMP0334,2024-10-14,08:57:06,17:50:48,8.89,present
ATT01331,EMP0094,2024-10-31,08:53:17,20:24:44,11.52,present
ATT01332,EMP0491,2024-11-20,09:52:16,17:44:31,7.87,late
ATT01333,EMP0316,2024-10-08,08:18:01,17:37:51,9.33,present
ATT01334,EMP0193,2024-12-06,09:13:08,19:18:42,10.09,present
ATT01335,EMP0299,2024-10-08,09:03:12,16:55:09,7.87,present
ATT01336,EMP0319,2024-12-17,08:54:40,18:59:47,10.09,present
ATT01337,EMP0298,2024-10-04,07:36:46,19:45:52,12.15,present
ATT01338,EMP0030,2024-10-09,09:22:35,17:26:24,8.06,late
ATT01339,EMP0004,2024-11-15,09:44:07,19:26:26,9.71,late
ATT01340,EMP0151,2024-12-06,08:04:00,17:20:47,9.28,present
ATT01341,EMP0214,2024-11-29,08:58:15,18:11:51,9.23,present
ATT01342,EMP0055,2024-12-04,07:08:50,17:08:43,10.0,wfh
ATT01343,EMP0468,2024-11-19,09:03:17,16:32:57,7.49,present
ATT01344,EMP0338,2024-10-28,,,,leave
ATT01345,EMP0262,2024-12-06,,,,holiday
ATT01346,EMP0360,2024-10-22,,,,absent
ATT01347,EMP0145,2024-12-12,07:46:28,19:35:14,11.81,present
ATT01348,EMP0093,2024-11-18,08:31:22,16:33:30,8.04,present
ATT01349,EMP0321,2024-11-11,08:39:04,18:09:40,9.51,present
ATT01350,EMP0198,2024-12-05,09:32:52,19:07:17,9.57,late
ATT01351,EMP0426,2024-10-09,08:01:39,17:13:15,9.19,present
ATT01352,EMP0233,2024-11-25,09:19:29,18:54:25,9.58,late
ATT01353,EMP0105,2024-12-06,08:27:56,18:08:55,9.68,present
ATT01354,EMP0472,2024-10-08,08:52:03,17:35:24,8.72,present
ATT01355,EMP0353,2024-10-08,07:31:48,17:24:13,9.87,present
ATT01356,EMP0403,2024-12-24,07:36:37,18:47:57,11.19,wfh
ATT01357,EMP0035,2024-12-12,09:06:57,18:22:37,9.26,present
ATT01358,EMP0128,2024-11-12,07:40:11,20:43:28,13.05,present
ATT01359,EMP0265,2024-12-20,09:31:51,17:19:38,7.8,late
ATT01360,EMP0398,2024-12-03,07:01:13,18:00:11,10.98,present
ATT01361,EMP0013,2024-11-01,09:36:04,17:53:59,8.3,late
ATT01362,EMP0078,2024-10-11,08:49:18,18:56:35,10.12,present
ATT01363,EMP0040,2024-11-18,08:30:09,17:34:58,9.08,wfh
ATT01364,EMP0032,2024-10-22,08:14:36,16:39:30,8.41,wfh
ATT01365,EMP0250,2024-11-14,,,,absent
ATT01366,EMP0337,2024-10-22,07:14:04,18:59:23,11.76,present
ATT01367,EMP0355,2024-10-01,08:24:46,17:23:43,8.98,present
ATT01368,EMP0162,2024-11-15,08:18:37,17:09:22,8.85,present
ATT01369,EMP0413,2024-10-31,07:07:16,20:33:33,13.44,wfh
ATT01370,EMP0351,2024-12-24,08:37:52,18:13:04,9.59,present
ATT01371,EMP0314,2024-11-13,09:59:00,18:00:37,8.03,late
ATT01372,EMP0326,2024-11-04,09:33:15,20:31:41,10.97,late
ATT01373,EMP0242,2024-11-04,08:27:06,17:03:44,8.61,present
ATT01374,EMP0337,2024-10-11,,,,absent
ATT01375,EMP0259,2024-11-18,08:51:23,16:31:06,7.66,present
ATT01376,EMP0150,2024-10-28,09:11:34,20:15:05,11.06,wfh
ATT01377,EMP0433,2024-10-11,08:13:37,17:20:05,9.11,present
ATT01378,EMP0088,2024-12-11,07:16:14,19:30:34,12.24,present
ATT01379,EMP0398,2024-11-21,08:10:40,17:51:00,9.67,present
ATT01380,EMP0469,2024-10-30,09:50:04,20:06:02,10.27,late
ATT01381,EMP0334,2024-11-25,08:42:25,18:27:19,9.75,present
ATT01382,EMP0263,2024-11-22,07:21:48,20:53:03,13.52,present
ATT01383,EMP0099,2024-10-03,08:41:35,16:34:55,7.89,wfh
ATT01384,EMP0150,2024-12-13,08:52:37,17:15:59,8.39,present
ATT01385,EMP0486,2024-10-23,09:01:23,18:11:45,9.17,present
ATT01386,EMP0235,2024-12-17,09:03:00,19:02:03,9.98,present
ATT01387,EMP0131,2024-10-18,07:12:03,17:32:27,10.34,present
ATT01388,EMP0191,2024-11-14,08:41:44,18:58:44,10.28,wfh
ATT01389,EMP0051,2024-12-23,09:58:20,17:10:18,7.2,late
ATT01390,EMP0028,2024-12-09,09:01:06,18:50:09,9.82,wfh
ATT01391,EMP0179,2024-12-09,09:40:26,20:02:06,10.36,late
ATT01392,EMP0097,2024-12-03,08:04:16,18:47:37,10.72,present
ATT01393,EMP0483,2024-12-05,08:09:01,17:55:25,9.77,present
ATT01394,EMP0486,2024-11-21,08:57:15,17:54:47,8.96,present
ATT01395,EMP0029,2024-11-01,08:09:08,17:54:08,9.75,wfh
ATT01396,EMP0261,2024-11-11,08:02:02,18:14:55,10.21,present
ATT01397,EMP0211,2024-11-01,08:08:11,17:03:23,8.92,present
ATT01398,EMP0180,2024-11-04,,,,absent
ATT01399,EMP0472,2024-10-03,08:08:41,16:33:42,8.42,present
ATT01400,EMP0430,2024-10-15,09:09:48,16:57:04,7.79,present
ATT01401,EMP0299,2024-12-06,07:48:13,18:34:19,10.77,present
ATT01402,EMP0190,2024-12-12,09:29:36,17:12:14,7.71,late
ATT01403,EMP0172,2024-11-21,09:38:11,19:07:50,9.49,late
ATT01404,EMP0322,2024-12-30,07:10:15,18:21:53,11.19,present
ATT01405,EMP0017,2024-11-08,08:43:18,18:08:13,9.42,present
ATT01406,EMP0473,2024-10-18,09:26:32,19:19:49,9.89,late
ATT01407,EMP0235,2024-11-12,08:39:28,19:50:00,11.18,present
ATT01408,EMP0355,2024-12-30,07:16:37,19:27:12,12.18,present
ATT01409,EMP0327,2024-10-31,,,,absent
ATT01410,EMP0170,2024-11-28,08:11:47,16:53:51,8.7,present
ATT01411,EMP0469,2024-10-24,08:22:15,19:48:29,11.44,present
ATT01412,EMP0296,2024-10-10,09:10:30,17:17:42,8.12,present
ATT01413,EMP0433,2024-11-29,08:35:40,18:11:39,9.6,present
ATT01414,EMP0027,2024-11-21,08:53:14,18:25:53,9.54,present
ATT01415,EMP0440,2024-10-10,07:21:44,17:24:25,10.04,present
ATT01416,EMP0179,2024-11-12,08:52:21,17:17:31,8.42,wfh
ATT01417,EMP0125,2024-11-07,08:10:23,17:55:40,9.75,present
ATT01418,EMP0128,2024-12-03,08:03:39,19:26:19,11.38,present
ATT01419,EMP0119,2024-11-14,07:17:30,18:14:15,10.95,present
ATT01420,EMP0375,2024-11-26,08:54:37,18:10:18,9.26,present
ATT01421,EMP0456,2024-10-22,08:49:17,19:27:46,10.64,present
ATT01422,EMP0256,2024-11-08,08:42:14,18:13:35,9.52,present
ATT01423,EMP0088,2024-10-18,08:44:44,19:08:48,10.4,present
ATT01424,EMP0056,2024-10-17,09:14:49,18:47:15,9.54,present
ATT01425,EMP0459,2024-12-20,,,,absent
ATT01426,EMP0336,2024-12-23,07:18:12,19:31:59,12.23,present
ATT01427,EMP0467,2024-10-22,08:09:19,17:21:30,9.2,present
ATT01428,EMP0349,2024-10-09,07:10:41,20:55:41,13.75,present
ATT01429,EMP0386,2024-11-05,09:14:26,17:47:40,8.55,present
ATT01430,EMP0149,2024-10-16,08:59:14,18:17:13,9.3,present
ATT01431,EMP0407,2024-11-05,09:04:26,18:32:47,9.47,present
ATT01432,EMP0311,2024-11-07,08:15:42,16:43:50,8.47,present
ATT01433,EMP0082,2024-12-11,07:25:46,17:18:36,9.88,present
ATT01434,EMP0413,2024-11-27,08:37:40,17:39:38,9.03,present
ATT01435,EMP0138,2024-10-08,08:50:42,17:26:06,8.59,present
ATT01436,EMP0263,2024-10-07,08:55:14,17:06:25,8.19,present
ATT01437,EMP0468,2024-10-14,,,,leave
ATT01438,EMP0051,2024-12-30,08:41:12,20:05:01,11.4,present
ATT01439,EMP0313,2024-11-27,07:01:31,17:30:08,10.48,wfh
ATT01440,EMP0249,2024-10-17,08:03:30,17:49:53,9.77,present
ATT01441,EMP0293,2024-12-30,07:06:17,19:52:30,12.77,present
ATT01442,EMP0263,2024-10-02,08:57:45,16:47:57,7.84,present
ATT01443,EMP0008,2024-11-01,07:24:46,18:36:13,11.19,present
ATT01444,EMP0128,2024-10-04,07:08:07,18:25:50,11.3,wfh
ATT01445,EMP0022,2024-10-18,09:52:49,18:50:49,8.97,late
ATT01446,EMP0208,2024-12-13,09:40:11,18:41:17,9.02,late
ATT01447,EMP0067,2024-10-23,07:47:37,17:24:53,9.62,present
ATT01448,EMP0380,2024-10-02,09:04:22,19:13:58,10.16,present
ATT01449,EMP0207,2024-12-24,09:53:06,20:08:47,10.26,late
ATT01450,EMP0410,2024-12-27,,,,absent
ATT01451,EMP0164,2024-11-20,08:55:51,18:00:13,9.07,present
ATT01452,EMP0469,2024-12-13,,,,absent
ATT01453,EMP0004,2024-11-07,08:52:36,18:32:54,9.67,present
ATT01454,EMP0250,2024-12-05,09:01:42,17:11:41,8.17,present
ATT01455,EMP0389,2024-12-02,08:44:58,19:45:18,11.01,present
ATT01456,EMP0082,2024-10-10,08:29:05,19:28:43,10.99,present
ATT01457,EMP0048,2024-11-25,07:26:43,17:13:21,9.78,present
ATT01458,EMP0385,2024-10-14,07:38:07,16:33:24,8.92,present
ATT01459,EMP0077,2024-11-20,07:10:22,16:33:25,9.38,present
ATT01460,EMP0065,2024-11-21,,,,leave
ATT01461,EMP0138,2024-11-11,09:03:36,18:46:37,9.72,present
ATT01462,EMP0257,2024-12-25,07:48:48,17:12:14,9.39,present
ATT01463,EMP0212,2024-10-04,07:17:17,17:30:58,10.23,present
ATT01464,EMP0375,2024-10-24,09:06:53,20:42:51,11.6,present
ATT01465,EMP0486,2024-12-12,09:58:17,17:18:02,7.33,late
ATT01466,EMP0119,2024-10-30,08:34:51,18:05:46,9.52,present
ATT01467,EMP0468,2024-10-29,07:04:55,19:31:38,12.45,wfh
ATT01468,EMP0132,2024-12-30,07:02:04,18:58:34,11.94,present
ATT01469,EMP0092,2024-10-14,,,,absent
ATT01470,EMP0148,2024-12-19,07:06:25,16:39:37,9.55,present
ATT01471,EMP0169,2024-11-28,09:11:37,17:49:01,8.62,present
ATT01472,EMP0209,2024-12-13,07:54:19,17:57:58,10.06,present
ATT01473,EMP0048,2024-10-16,,,,absent
ATT01474,EMP0158,2024-10-07,,,,leave
ATT01475,EMP0447,2024-11-21,,,,absent
ATT01476,EMP0080,2024-12-12,07:09:33,19:54:26,12.75,present
ATT01477,EMP0481,2024-10-08,07:25:58,16:53:04,9.45,present
ATT01478,EMP0233,2024-10-03,08:38:02,17:18:09,8.67,present
ATT01479,EMP0499,2024-11-29,07:54:49,17:16:32,9.36,present
ATT01480,EMP0146,2024-12-27,09:14:21,18:35:16,9.35,present
ATT01481,EMP0256,2024-12-16,09:18:13,18:12:04,8.9,late
ATT01482,EMP0327,2024-10-17,09:18:44,20:36:42,11.3,late
ATT01483,EMP0069,2024-10-23,07:31:53,17:13:58,9.7,present
ATT01484,EMP0275,2024-10-03,08:24:03,17:20:50,8.95,present
ATT01485,EMP0029,2024-11-04,,,,leave
ATT01486,EMP0036,2024-11-06,08:06:54,17:50:31,9.73,present
ATT01487,EMP0227,2024-12-09,07:13:56,17:50:45,10.61,present
ATT01488,EMP0257,2024-10-16,07:37:43,18:59:54,11.37,present
ATT01489,EMP0491,2024-10-04,07:08:19,20:42:55,13.58,present
ATT01490,EMP0246,2024-10-28,07:10:59,17:18:05,10.12,wfh
ATT01491,EMP0439,2024-12-20,07:08:53,20:54:40,13.76,present
ATT01492,EMP0046,2024-11-27,08:20:08,20:59:44,12.66,present
ATT01493,EMP0480,2024-11-07,09:53:13,19:30:54,9.63,late
ATT01494,EMP0061,2024-10-31,08:23:31,19:18:55,10.92,present
ATT01495,EMP0494,2024-11-07,,,,absent
ATT01496,EMP0158,2024-11-29,08:12:38,17:15:35,9.05,wfh
ATT01497,EMP0224,2024-10-09,07:02:58,20:19:39,13.28,present
ATT01498,EMP0277,2024-12-31,07:42:24,17:50:36,10.14,present
ATT01499,EMP0352,2024-11-01,08:10:15,17:07:22,8.95,wfh
ATT01500,EMP0280,2024-10-18,08:56:03,17:45:15,8.82,present
ATT01501,EMP0307,2024-12-26,07:58:21,17:21:03,9.38,present
ATT01502,EMP0274,2024-10-25,08:38:42,19:42:11,11.06,present
ATT01503,EMP0401,2024-11-06,08:04:26,18:52:22,10.8,present
ATT01504,EMP0335,2024-11-15,08:10:20,17:48:41,9.64,present
ATT01505,EMP0178,2024-10-08,,,,absent
ATT01506,EMP0069,2024-11-12,08:47:19,17:00:08,8.21,present
ATT01507,EMP0187,2024-10-01,09:05:18,20:46:51,11.69,present
ATT01508,EMP0337,2024-12-19,,,,absent
ATT01509,EMP0500,2024-11-04,07:59:45,20:37:34,12.63,present
ATT01510,EMP0212,2024-11-22,08:45:39,18:33:33,9.8,present
ATT01511,EMP0146,2024-12-25,08:27:24,18:32:36,10.09,present
ATT01512,EMP0429,2024-10-24,08:14:03,16:41:06,8.45,present
ATT01513,EMP0263,2024-10-08,08:40:44,18:27:28,9.78,present
ATT01514,EMP0130,2024-11-11,08:42:58,19:13:23,10.51,present
ATT01515,EMP0416,2024-12-05,08:49:32,18:56:09,10.11,present
ATT01516,EMP0393,2024-10-22,09:43:40,17:29:09,7.76,late
ATT01517,EMP0035,2024-10-18,08:25:08,18:25:23,10.0,present
ATT01518,EMP0429,2024-12-05,09:31:24,16:45:01,7.23,late
ATT01519,EMP0386,2024-10-09,09:00:05,18:54:41,9.91,present
ATT01520,EMP0319,2024-12-05,08:07:53,17:00:52,8.88,present
ATT01521,EMP0361,2024-10-11,09:47:41,19:55:11,10.13,late
ATT01522,EMP0178,2024-11-20,08:02:50,20:49:51,12.78,wfh
ATT01523,EMP0368,2024-11-01,09:15:00,19:26:34,10.19,late
ATT01524,EMP0013,2024-12-19,08:03:43,18:51:48,10.8,present
ATT01525,EMP0261,2024-12-13,,,,absent
ATT01526,EMP0493,2024-12-06,07:31:08,17:00:30,9.49,present
ATT01527,EMP0500,2024-11-21,08:10:12,17:07:22,8.95,present
ATT01528,EMP0353,2024-12-20,09:02:08,17:09:35,8.12,present
ATT01529,EMP0055,2024-11-21,07:11:11,17:18:00,10.11,present
ATT01530,EMP0091,2024-12-04,08:17:30,18:55:09,10.63,present
ATT01531,EMP0371,2024-12-09,,,,absent
ATT01532,EMP0361,2024-10-18,08:12:22,18:02:00,9.83,present
ATT01533,EMP0180,2024-10-03,,,,holiday
ATT01534,EMP0191,2024-11-04,08:05:02,18:28:38,10.39,present
ATT01535,EMP0107,2024-11-04,07:14:23,17:45:07,10.51,present
ATT01536,EMP0065,2024-11-01,07:22:42,16:56:54,9.57,present
ATT01537,EMP0500,2024-11-08,08:12:20,20:59:09,12.78,wfh
ATT01538,EMP0498,2024-12-17,07:49:41,17:59:52,10.17,wfh
ATT01539,EMP0261,2024-10-10,07:50:59,19:18:07,11.45,present
ATT01540,EMP0357,2024-12-24,09:11:59,18:31:35,9.33,present
ATT01541,EMP0096,2024-12-10,07:38:48,20:33:15,12.91,present
ATT01542,EMP0411,2024-10-22,07:08:59,16:57:04,9.8,present
ATT01543,EMP0291,2024-12-13,07:57:19,17:39:18,9.7,present
ATT01544,EMP0022,2024-12-18,09:05:15,18:04:39,8.99,present
ATT01545,EMP0107,2024-11-07,08:55:48,17:50:48,8.92,present
ATT01546,EMP0191,2024-11-11,,,,absent
ATT01547,EMP0331,2024-11-08,,,,absent
ATT01548,EMP0201,2024-12-04,08:48:58,17:59:41,9.18,present
ATT01549,EMP0420,2024-11-13,08:18:30,19:51:29,11.55,present
ATT01550,EMP0331,2024-10-24,08:46:56,17:35:02,8.8,present
ATT01551,EMP0424,2024-10-03,,,,absent
ATT01552,EMP0175,2024-10-01,07:05:41,17:01:24,9.93,present
ATT01553,EMP0214,2024-12-12,07:48:22,20:58:35,13.17,present
ATT01554,EMP0427,2024-10-22,09:11:01,17:29:35,8.31,present
ATT01555,EMP0088,2024-12-17,08:49:07,17:06:14,8.29,present
ATT01556,EMP0211,2024-10-04,09:31:59,17:52:46,8.35,late
ATT01557,EMP0352,2024-10-25,08:38:36,16:40:52,8.04,present
ATT01558,EMP0262,2024-12-03,08:35:20,18:58:31,10.39,present
ATT01559,EMP0349,2024-10-25,08:37:36,18:44:49,10.12,present
ATT01560,EMP0279,2024-11-18,07:34:48,18:11:36,10.61,present
ATT01561,EMP0057,2024-12-06,09:41:38,19:36:40,9.92,late
ATT01562,EMP0368,2024-12-06,,,,absent
ATT01563,EMP0406,2024-10-14,07:44:19,18:57:09,11.21,present
ATT01564,EMP0132,2024-10-02,08:38:51,19:00:24,10.36,present
ATT01565,EMP0359,2024-12-25,07:46:03,19:21:26,11.59,wfh
ATT01566,EMP0275,2024-10-17,08:15:14,20:48:17,12.55,present
ATT01567,EMP0433,2024-10-25,08:28:57,16:32:25,8.06,present
ATT01568,EMP0493,2024-11-04,09:24:28,19:05:59,9.69,late
ATT01569,EMP0337,2024-11-26,07:26:42,17:19:37,9.88,present
ATT01570,EMP0367,2024-11-29,08:03:08,18:14:40,10.19,present
ATT01571,EMP0483,2024-10-22,07:32:17,17:30:46,9.97,wfh
ATT01572,EMP0155,2024-11-04,08:39:39,17:40:39,9.02,present
ATT01573,EMP0498,2024-11-18,08:18:17,18:29:49,10.19,present
ATT01574,EMP0259,2024-10-28,08:55:58,17:20:51,8.41,present
ATT01575,EMP0149,2024-11-25,07:34:18,17:15:47,9.69,wfh
ATT01576,EMP0320,2024-11-18,09:31:11,17:19:32,7.81,late
ATT01577,EMP0403,2024-10-08,07:49:02,18:05:29,10.27,wfh
ATT01578,EMP0022,2024-10-30,,,,leave
ATT01579,EMP0303,2024-11-08,09:02:19,17:46:21,8.73,wfh
ATT01580,EMP0003,2024-10-01,09:30:55,19:38:06,10.12,late
ATT01581,EMP0429,2024-12-31,08:34:21,18:29:18,9.92,present
ATT01582,EMP0279,2024-12-10,08:59:01,19:11:53,10.21,present
ATT01583,EMP0249,2024-10-11,08:36:51,19:00:10,10.39,present
ATT01584,EMP0036,2024-10-21,08:10:23,,,present
ATT01585,EMP0491,2024-12-09,08:03:15,17:14:42,9.19,present
ATT01586,EMP0317,2024-11-05,07:39:50,18:43:38,11.06,present
ATT01587,EMP0047,2024-10-15,,,,absent
ATT01588,EMP0391,2024-11-28,08:22:11,17:54:05,9.53,present
ATT01589,EMP0019,2024-10-09,08:40:34,17:33:24,8.88,present
ATT01590,EMP0042,2024-12-06,07:02:17,16:59:53,9.96,present
ATT01591,EMP0337,2024-10-10,07:38:27,19:11:57,11.56,present
ATT01592,EMP0391,2024-11-19,09:09:38,17:28:10,8.31,present
ATT01593,EMP0050,2024-11-21,,,,absent
ATT01594,EMP0035,2024-12-20,07:31:18,17:38:08,10.11,present
ATT01595,EMP0406,2024-11-05,,,,leave
ATT01596,EMP0373,2024-12-18,07:01:19,17:26:29,10.42,present
ATT01597,EMP0412,2024-12-12,09:22:22,17:37:11,8.25,late
ATT01598,EMP0405,2024-10-25,08:24:38,17:30:54,9.1,present
ATT01599,EMP0033,2024-12-05,07:25:14,17:52:22,10.45,present
ATT01600,EMP0135,2024-11-19,,,,absent
ATT01601,EMP0312,2024-12-18,07:13:07,17:37:10,10.4,present
ATT01602,EMP0283,2024-11-20,,,,absent
ATT01603,EMP0250,2024-10-29,08:02:19,18:00:11,9.96,present
ATT01604,EMP0038,2024-12-19,07:02:26,17:42:37,10.67,present
ATT01605,EMP0087,2024-12-11,07:06:36,17:41:15,10.58,present
ATT01606,EMP0491,2024-12-12,07:23:39,17:31:38,10.13,present
ATT01607,EMP0432,2024-10-23,08:05:38,16:30:03,8.41,present
ATT01608,EMP0380,2024-10-24,09:00:11,18:27:06,9.45,present
ATT01609,EMP0214,2024-10-03,08:09:11,18:24:45,10.26,wfh
ATT01610,EMP0355,2024-10-16,09:10:17,20:04:32,10.9,present
ATT01611,EMP0480,2024-12-26,09:05:22,18:00:46,8.92,wfh
ATT01612,EMP0469,2024-12-24,08:37:39,17:14:00,8.61,present
ATT01613,EMP0245,2024-10-09,08:50:49,18:46:51,9.93,present
ATT01614,EMP0100,2024-10-11,,,,absent
ATT01615,EMP0494,2024-11-15,07:08:47,17:05:24,9.94,present
ATT01616,EMP0017,2024-12-10,09:10:29,20:58:50,11.81,present
ATT01617,EMP0043,2024-11-04,08:49:04,18:21:24,9.54,present
ATT01618,EMP0121,2024-11-05,09:43:46,18:53:15,9.16,late
ATT01619,EMP0289,2024-11-11,,,,absent
ATT01620,EMP0055,2024-10-23,08:00:50,17:39:18,9.64,present
ATT01621,EMP0462,2024-10-30,08:12:43,17:58:05,9.76,present
ATT01622,EMP0124,2024-12-02,09:07:31,19:26:45,10.32,present
ATT01623,EMP0260,2024-10-18,08:21:03,18:11:42,9.84,present
ATT01624,EMP0298,2024-10-15,08:41:57,19:04:08,10.37,present
ATT01625,EMP0295,2024-10-02,07:50:36,17:35:05,9.74,present
ATT01626,EMP0125,2024-10-30,09:10:20,,,present
ATT01627,EMP0436,2024-10-18,08:35:03,19:42:04,11.12,present
ATT01628,EMP0049,2024-10-29,09:24:08,17:04:43,7.68,late
ATT01629,EMP0003,2024-12-06,07:25:30,20:01:24,12.6,present
ATT01630,EMP0067,2024-11-08,09:13:30,19:13:21,10.0,present
ATT01631,EMP0483,2024-12-16,07:08:09,17:43:31,10.59,present
ATT01632,EMP0146,2024-12-31,,,,absent
ATT01633,EMP0430,2024-11-26,07:34:22,17:04:55,9.51,present
ATT01634,EMP0081,2024-12-23,07:24:52,18:41:32,11.28,present
ATT01635,EMP0312,2024-12-02,08:26:14,20:05:05,11.65,present
ATT01636,EMP0240,2024-10-22,08:54:09,18:12:01,9.3,present
ATT01637,EMP0115,2024-11-07,07:01:47,17:29:53,10.47,present
ATT01638,EMP0286,2024-10-14,08:49:58,17:36:48,8.78,present
ATT01639,EMP0429,2024-11-21,08:36:58,17:55:15,9.3,present
ATT01640,EMP0190,2024-11-15,,,,absent
ATT01641,EMP0378,2024-10-09,09:11:04,17:09:16,7.97,present
ATT01642,EMP0371,2024-11-27,08:22:38,19:24:39,11.03,present
ATT01643,EMP0032,2024-10-25,07:08:30,18:06:31,10.97,present
ATT01644,EMP0256,2024-11-21,09:08:12,20:26:21,11.3,present
ATT01645,EMP0321,2024-10-08,08:04:56,18:57:13,10.87,present
ATT01646,EMP0058,2024-12-17,09:17:06,17:49:17,8.54,late
ATT01647,EMP0170,2024-11-20,09:13:01,19:51:22,10.64,present
ATT01648,EMP0035,2024-11-12,09:59:27,19:18:11,9.31,late
ATT01649,EMP0288,2024-11-06,,,,leave
ATT01650,EMP0438,2024-11-14,08:28:55,17:55:56,9.45,wfh
ATT01651,EMP0062,2024-12-10,,,,absent
ATT01652,EMP0299,2024-10-18,08:04:51,17:31:11,9.44,present
ATT01653,EMP0088,2024-12-23,08:20:22,17:51:58,9.53,present
ATT01654,EMP0478,2024-12-27,07:31:53,18:43:25,11.19,present
ATT01655,EMP0105,2024-11-01,08:59:48,19:39:30,10.66,present
ATT01656,EMP0310,2024-11-01,,,,absent
ATT01657,EMP0062,2024-11-04,08:16:33,20:32:18,12.26,present
ATT01658,EMP0162,2024-12-13,08:27:10,17:17:52,8.85,present
ATT01659,EMP0105,2024-11-29,,,,leave
ATT01660,EMP0475,2024-12-26,,,,holiday
ATT01661,EMP0473,2024-12-18,08:18:45,18:53:07,10.57,present
ATT01662,EMP0144,2024-12-16,07:19:26,17:20:00,10.01,wfh
ATT01663,EMP0068,2024-12-31,09:52:08,19:20:24,9.47,late
ATT01664,EMP0108,2024-11-26,08:59:21,,,present
ATT01665,EMP0264,2024-10-04,07:09:52,16:57:26,9.79,wfh
ATT01666,EMP0210,2024-11-11,07:48:28,19:45:31,11.95,present
ATT01667,EMP0368,2024-12-19,07:38:14,18:44:01,11.1,present
ATT01668,EMP0311,2024-12-16,08:28:37,17:16:43,8.8,present
ATT01669,EMP0261,2024-10-22,08:55:08,17:08:36,8.22,present
ATT01670,EMP0289,2024-12-25,07:19:27,18:57:00,11.63,present
ATT01671,EMP0451,2024-10-10,09:24:50,17:18:57,7.9,late
ATT01672,EMP0261,2024-12-27,,,,absent
ATT01673,EMP0145,2024-12-11,,,,absent
ATT01674,EMP0010,2024-12-04,,,,holiday
ATT01675,EMP0492,2024-10-01,08:29:35,16:39:58,8.17,present
ATT01676,EMP0240,2024-10-25,08:31:46,20:54:56,12.39,present
ATT01677,EMP0052,2024-10-30,07:23:07,18:44:41,11.36,present
ATT01678,EMP0110,2024-11-08,07:29:01,17:14:41,9.76,present
ATT01679,EMP0406,2024-12-02,08:33:08,17:18:28,8.76,present
ATT01680,EMP0202,2024-10-29,08:43:53,17:49:15,9.09,present
ATT01681,EMP0054,2024-12-10,07:28:41,17:44:03,10.26,present
ATT01682,EMP0436,2024-12-04,08:44:45,18:20:04,9.59,present
ATT01683,EMP0010,2024-11-28,,,,absent
ATT01684,EMP0344,2024-12-19,09:46:25,20:00:25,10.23,late
ATT01685,EMP0063,2024-11-15,09:41:40,17:42:08,8.01,late
ATT01686,EMP0262,2024-10-28,08:27:12,16:33:04,8.1,present
ATT01687,EMP0474,2024-10-14,,,,leave
ATT01688,EMP0334,2024-10-31,07:56:50,17:01:52,9.08,present
ATT01689,EMP0046,2024-10-24,07:57:56,18:32:58,10.58,present
ATT01690,EMP0202,2024-12-10,09:23:24,18:49:55,9.44,late
ATT01691,EMP0290,2024-10-08,08:13:13,17:27:54,9.24,present
ATT01692,EMP0357,2024-11-18,,,,leave
ATT01693,EMP0145,2024-12-17,08:43:36,19:01:50,10.3,present
ATT01694,EMP0402,2024-11-20,08:10:44,19:31:46,11.35,wfh
ATT01695,EMP0350,2024-10-03,09:10:05,17:24:00,8.23,present
ATT01696,EMP0099,2024-10-23,08:40:43,18:38:58,9.97,present
ATT01697,EMP0027,2024-11-28,08:57:27,17:01:35,8.07,present
ATT01698,EMP0024,2024-11-11,08:58:26,18:36:45,9.64,wfh
ATT01699,EMP0427,2024-12-17,07:07:55,17:09:16,10.02,present
ATT01700,EMP0466,2024-11-14,08:23:48,17:58:36,9.58,present
ATT01701,EMP0319,2024-11-21,07:23:03,16:32:06,9.15,present
ATT01702,EMP0419,2024-10-23,08:18:25,17:30:22,9.2,present
ATT01703,EMP0182,2024-11-29,08:45:44,16:47:56,8.04,present
ATT01704,EMP0475,2024-12-31,07:13:33,16:39:16,9.43,present
ATT01705,EMP0354,2024-10-11,09:01:03,18:03:17,9.04,present
ATT01706,EMP0419,2024-10-15,07:04:22,19:24:57,12.34,present
ATT01707,EMP0175,2024-12-02,08:21:04,17:53:21,9.54,present
ATT01708,EMP0288,2024-12-30,07:33:40,17:17:32,9.73,present
ATT01709,EMP0291,2024-10-07,09:45:19,20:20:22,10.58,late
ATT01710,EMP0446,2024-12-18,09:27:02,16:33:59,7.12,late
ATT01711,EMP0056,2024-12-03,08:33:59,18:24:18,9.84,present
ATT01712,EMP0109,2024-11-12,08:07:31,20:35:16,12.46,present
ATT01713,EMP0349,2024-12-11,07:05:59,16:34:56,9.48,wfh
ATT01714,EMP0286,2024-12-09,08:50:58,17:25:57,8.58,present
ATT01715,EMP0303,2024-11-05,09:45:44,17:27:05,7.69,late
ATT01716,EMP0344,2024-11-01,07:23:33,19:27:51,12.07,present
ATT01717,EMP0019,2024-12-19,09:22:05,20:52:53,11.51,late
ATT01718,EMP0169,2024-12-06,09:43:22,17:42:12,7.98,late
ATT01719,EMP0500,2024-10-14,09:41:04,20:55:02,11.23,late
ATT01720,EMP0393,2024-10-11,09:05:55,16:40:34,7.58,present
ATT01721,EMP0466,2024-12-23,07:23:12,18:22:41,10.99,present
ATT01722,EMP0312,2024-12-27,08:04:37,18:27:20,10.38,wfh
ATT01723,EMP0245,2024-10-28,08:45:09,18:15:23,9.5,present
ATT01724,EMP0402,2024-12-17,07:15:37,17:18:10,10.04,present
ATT01725,EMP0318,2024-12-27,08:25:42,17:06:29,8.68,present
ATT01726,EMP0465,2024-10-28,09:07:21,16:32:43,7.42,present
ATT01727,EMP0080,2024-11-26,09:49:52,18:59:27,9.16,late
ATT01728,EMP0326,2024-11-05,08:35:31,17:00:52,8.42,present
ATT01729,EMP0311,2024-10-07,07:00:09,18:13:10,11.22,present
ATT01730,EMP0413,2024-11-26,08:11:30,19:27:37,11.27,present
ATT01731,EMP0437,2024-10-01,08:51:41,17:16:20,8.41,present
ATT01732,EMP0259,2024-11-01,07:40:23,16:35:20,8.92,present
ATT01733,EMP0438,2024-11-12,07:55:33,18:19:27,10.4,present
ATT01734,EMP0235,2024-10-09,07:15:00,20:52:12,13.62,present
ATT01735,EMP0447,2024-11-18,07:34:58,20:08:56,12.57,present
ATT01736,EMP0022,2024-12-04,09:13:00,20:48:53,11.6,present
ATT01737,EMP0485,2024-12-09,09:50:55,17:30:50,7.67,late
ATT01738,EMP0244,2024-11-28,,,,absent
ATT01739,EMP0440,2024-12-20,08:30:29,17:07:56,8.62,present
ATT01740,EMP0364,2024-10-07,09:23:20,17:44:46,8.36,late
ATT01741,EMP0022,2024-10-22,08:41:32,19:12:00,10.51,present
ATT01742,EMP0103,2024-11-19,08:03:00,20:58:05,12.92,present
ATT01743,EMP0348,2024-10-31,07:04:03,17:45:54,10.7,present
ATT01744,EMP0239,2024-11-18,08:09:12,18:43:18,10.57,present
ATT01745,EMP0155,2024-11-01,08:13:56,,,present
ATT01746,EMP0335,2024-12-10,09:37:47,20:54:52,11.28,late
ATT01747,EMP0292,2024-12-10,09:10:28,20:06:48,10.94,present
ATT01748,EMP0120,2024-10-24,08:53:59,19:59:07,11.09,present
ATT01749,EMP0221,2024-11-21,09:09:37,20:06:24,10.95,present
ATT01750,EMP0113,2024-11-13,08:45:39,19:22:49,10.62,present
ATT01751,EMP0408,2024-10-24,09:40:49,20:26:18,10.76,late
ATT01752,EMP0438,2024-11-18,07:38:39,19:33:54,11.92,wfh
ATT01753,EMP0250,2024-11-08,07:12:18,18:01:01,10.81,present
ATT01754,EMP0119,2024-10-18,,,,absent
ATT01755,EMP0211,2024-12-11,08:45:23,17:10:59,8.43,present
ATT01756,EMP0102,2024-11-15,08:08:43,19:43:45,11.58,present
ATT01757,EMP0049,2024-11-27,08:12:49,20:39:12,12.44,present
ATT01758,EMP0113,2024-11-29,09:23:53,17:37:04,8.22,late
ATT01759,EMP0467,2024-12-25,09:30:39,16:44:01,7.22,late
ATT01760,EMP0109,2024-11-29,08:44:18,20:42:15,11.97,present
ATT01761,EMP0249,2024-10-30,08:03:48,17:21:31,9.3,present
ATT01762,EMP0369,2024-10-30,09:20:58,18:02:47,8.7,late
ATT01763,EMP0261,2024-11-08,09:01:02,17:25:45,8.41,wfh
ATT01764,EMP0446,2024-11-08,,,,absent
ATT01765,EMP0062,2024-11-08,07:26:00,16:46:02,9.33,present
ATT01766,EMP0358,2024-12-10,07:25:22,17:42:16,10.28,present
ATT01767,EMP0236,2024-12-04,08:58:21,20:55:35,11.95,present
ATT01768,EMP0019,2024-12-26,,,,absent
ATT01769,EMP0327,2024-11-15,,,,absent
ATT01770,EMP0246,2024-11-27,07:14:20,18:32:32,11.3,present
ATT01771,EMP0013,2024-11-27,09:03:22,,,present
ATT01772,EMP0486,2024-12-26,08:57:05,17:06:18,8.15,present
ATT01773,EMP0496,2024-11-20,08:25:30,17:52:16,9.45,present
ATT01774,EMP0162,2024-11-08,08:15:57,19:40:24,11.41,present
ATT01775,EMP0006,2024-11-04,08:43:53,17:51:09,9.12,present
ATT01776,EMP0189,2024-10-22,07:56:13,17:31:44,9.59,present
ATT01777,EMP0434,2024-12-31,07:52:42,19:27:23,11.58,present
ATT01778,EMP0370,2024-10-14,,,,leave
ATT01779,EMP0067,2024-12-25,09:48:09,18:25:34,8.62,late
ATT01780,EMP0381,2024-12-25,,,,absent
ATT01781,EMP0102,2024-10-09,08:16:54,17:46:31,9.49,present
ATT01782,EMP0121,2024-11-28,09:02:18,16:31:51,7.49,present
ATT01783,EMP0372,2024-11-12,07:44:56,17:01:34,9.28,present
ATT01784,EMP0166,2024-10-07,09:57:03,17:19:42,7.38,late
ATT01785,EMP0054,2024-12-04,09:06:50,16:40:05,7.55,present
ATT01786,EMP0129,2024-12-10,08:01:35,18:17:13,10.26,present
ATT01787,EMP0190,2024-10-16,07:31:56,17:25:41,9.9,present
ATT01788,EMP0201,2024-11-21,07:46:03,17:15:20,9.49,present
ATT01789,EMP0289,2024-10-18,09:56:58,17:24:38,7.46,late
ATT01790,EMP0202,2024-11-27,09:12:53,17:51:00,8.64,wfh
ATT01791,EMP0124,2024-10-18,07:58:03,16:53:02,8.92,present
ATT01792,EMP0132,2024-10-31,08:03:33,17:04:35,9.02,present
ATT01793,EMP0233,2024-11-07,08:33:07,16:55:19,8.37,present
ATT01794,EMP0471,2024-10-17,,,,absent
ATT01795,EMP0146,2024-12-16,08:02:11,17:21:44,9.33,present
ATT01796,EMP0286,2024-11-26,08:04:21,17:39:43,9.59,present
ATT01797,EMP0031,2024-10-03,07:39:47,17:03:59,9.4,present
ATT01798,EMP0400,2024-11-18,,,,absent
ATT01799,EMP0093,2024-10-18,08:45:14,20:26:27,11.69,wfh
ATT01800,EMP0175,2024-10-16,07:15:49,19:25:10,12.16,present
ATT01801,EMP0025,2024-12-03,09:47:50,17:08:08,7.34,late
ATT01802,EMP0108,2024-12-20,09:10:27,17:22:54,8.21,present
ATT01803,EMP0245,2024-10-22,08:19:49,20:57:44,12.63,present
ATT01804,EMP0447,2024-12-24,08:49:29,16:57:22,8.13,present
ATT01805,EMP0359,2024-10-10,09:03:04,17:02:22,7.99,present
ATT01806,EMP0385,2024-10-23,09:08:13,17:00:55,7.88,present
ATT01807,EMP0486,2024-12-25,09:46:59,17:38:28,7.86,late
ATT01808,EMP0006,2024-11-18,08:32:18,17:06:35,8.57,present
ATT01809,EMP0227,2024-10-23,,,,absent
ATT01810,EMP0145,2024-12-31,08:07:47,18:08:42,10.02,present
ATT01811,EMP0336,2024-12-02,,,,absent
ATT01812,EMP0260,2024-10-29,08:38:14,20:26:46,11.81,wfh
ATT01813,EMP0357,2024-12-16,08:41:01,17:25:51,8.75,present
ATT01814,EMP0270,2024-10-10,08:27:30,17:32:31,9.08,present
ATT01815,EMP0201,2024-12-30,08:25:55,17:42:33,9.28,present
ATT01816,EMP0269,2024-12-19,08:51:13,19:59:15,11.13,present
ATT01817,EMP0343,2024-12-18,08:34:33,18:01:05,9.44,present
ATT01818,EMP0172,2024-11-22,09:10:25,17:29:59,8.33,present
ATT01819,EMP0103,2024-10-24,08:11:37,17:11:27,9.0,present
ATT01820,EMP0311,2024-11-29,08:27:28,16:48:44,8.35,present
ATT01821,EMP0321,2024-11-29,09:03:28,19:05:25,10.03,present
ATT01822,EMP0478,2024-11-19,08:10:11,16:44:18,8.57,present
ATT01823,EMP0348,2024-11-29,08:37:15,18:36:34,9.99,present
ATT01824,EMP0474,2024-12-16,07:08:20,18:39:30,11.52,wfh
ATT01825,EMP0229,2024-11-26,08:29:09,19:20:38,10.86,present
ATT01826,EMP0459,2024-11-20,08:24:18,16:47:53,8.39,present
ATT01827,EMP0109,2024-12-30,07:58:35,18:47:34,10.82,present
ATT01828,EMP0079,2024-11-22,,,,absent
ATT01829,EMP0051,2024-12-16,07:20:01,,,present
ATT01830,EMP0207,2024-10-04,07:58:45,18:07:49,10.15,present
ATT01831,EMP0028,2024-10-08,08:06:57,19:21:30,11.24,present
ATT01832,EMP0096,2024-11-25,,,,absent
ATT01833,EMP0237,2024-11-11,,,,absent
ATT01834,EMP0375,2024-11-11,08:37:12,17:52:08,9.25,present
ATT01835,EMP0046,2024-11-12,08:55:22,19:22:51,10.46,present
ATT01836,EMP0081,2024-10-21,07:34:34,20:05:41,12.52,present
ATT01837,EMP0201,2024-11-26,,,,absent
ATT01838,EMP0044,2024-11-06,07:53:19,19:02:03,11.15,present
ATT01839,EMP0005,2024-11-27,,,,absent
ATT01840,EMP0211,2024-12-25,09:05:49,16:30:45,7.42,present
ATT01841,EMP0024,2024-11-06,,,,absent
ATT01842,EMP0408,2024-12-16,08:11:16,18:38:45,10.46,present
ATT01843,EMP0355,2024-11-01,09:02:33,20:35:53,11.56,present
ATT01844,EMP0438,2024-10-17,08:22:40,20:03:40,11.68,present
ATT01845,EMP0175,2024-11-22,07:41:01,17:37:12,9.94,present
ATT01846,EMP0175,2024-12-09,07:07:06,17:21:40,10.24,wfh
ATT01847,EMP0246,2024-12-26,,,,leave
ATT01848,EMP0090,2024-12-27,07:04:41,19:53:40,12.82,present
ATT01849,EMP0443,2024-11-08,07:31:17,17:36:48,10.09,present
ATT01850,EMP0273,2024-12-19,07:25:42,18:09:11,10.72,present
ATT01851,EMP0410,2024-12-18,09:29:54,17:26:38,7.95,late
ATT01852,EMP0466,2024-11-21,07:52:07,16:42:10,8.83,present
ATT01853,EMP0413,2024-12-12,07:00:50,20:40:12,13.66,present
ATT01854,EMP0093,2024-10-01,07:08:51,18:50:11,11.69,present
ATT01855,EMP0080,2024-12-04,,,,absent
ATT01856,EMP0324,2024-10-30,08:41:45,19:08:16,10.44,wfh
ATT01857,EMP0235,2024-11-20,09:12:36,20:23:15,11.18,present
ATT01858,EMP0129,2024-10-11,,,,absent
ATT01859,EMP0336,2024-11-07,08:50:47,18:01:44,9.18,wfh
ATT01860,EMP0106,2024-10-18,,,,absent
ATT01861,EMP0476,2024-10-24,08:31:56,17:51:41,9.33,present
ATT01862,EMP0115,2024-10-11,08:19:25,18:57:26,10.63,present
ATT01863,EMP0078,2024-11-05,09:12:58,20:16:03,11.05,present
ATT01864,EMP0386,2024-10-25,09:06:34,20:50:13,11.73,wfh
ATT01865,EMP0416,2024-10-01,,,,absent
ATT01866,EMP0403,2024-11-25,,,,holiday
ATT01867,EMP0402,2024-10-16,08:41:19,18:23:14,9.7,present
ATT01868,EMP0039,2024-12-06,08:21:46,17:17:24,8.93,wfh
ATT01869,EMP0477,2024-10-02,,,,leave
ATT01870,EMP0056,2024-11-13,09:06:57,19:22:59,10.27,present
ATT01871,EMP0269,2024-11-15,08:12:42,,,present
ATT01872,EMP0309,2024-10-29,09:13:17,17:50:18,8.62,present
ATT01873,EMP0214,2024-10-04,09:57:59,18:41:35,8.73,late
ATT01874,EMP0339,2024-10-30,08:40:10,19:53:31,11.22,present
ATT01875,EMP0493,2024-12-24,,,,absent
ATT01876,EMP0261,2024-10-16,07:27:25,18:33:20,11.1,present
ATT01877,EMP0428,2024-12-20,07:09:01,20:30:23,13.36,present
ATT01878,EMP0108,2024-11-01,08:30:00,18:15:10,9.75,present
ATT01879,EMP0220,2024-12-25,09:06:49,17:42:53,8.6,present
ATT01880,EMP0295,2024-11-27,09:04:19,17:55:46,8.86,present
ATT01881,EMP0162,2024-12-04,,,,absent
ATT01882,EMP0359,2024-11-18,08:38:44,18:55:34,10.28,present
ATT01883,EMP0306,2024-10-24,07:22:01,18:20:51,10.98,present
ATT01884,EMP0367,2024-10-07,07:23:46,16:49:11,9.42,present
ATT01885,EMP0201,2024-10-25,08:17:25,20:10:46,11.89,present
ATT01886,EMP0398,2024-10-16,07:03:29,17:17:11,10.23,present
ATT01887,EMP0321,2024-12-20,08:48:12,16:52:29,8.07,present
ATT01888,EMP0244,2024-11-12,08:14:58,20:58:09,12.72,wfh
ATT01889,EMP0472,2024-10-18,08:20:17,18:42:40,10.37,present
ATT01890,EMP0250,2024-10-09,09:00:15,16:32:26,7.54,present
ATT01891,EMP0465,2024-12-18,07:21:35,18:07:22,10.76,present
ATT01892,EMP0073,2024-12-24,07:43:08,16:39:21,8.94,present
ATT01893,EMP0107,2024-10-11,07:42:11,17:19:13,9.62,present
ATT01894,EMP0291,2024-11-07,09:29:56,17:08:58,7.65,late
ATT01895,EMP0121,2024-12-18,,,,absent
ATT01896,EMP0465,2024-11-07,08:38:16,17:52:14,9.23,present
ATT01897,EMP0361,2024-11-01,08:39:54,18:12:05,9.54,present
ATT01898,EMP0020,2024-11-27,09:11:57,17:07:09,7.92,present
ATT01899,EMP0111,2024-10-31,07:42:22,16:38:55,8.94,present
ATT01900,EMP0096,2024-11-07,07:25:22,17:56:29,10.52,present
ATT01901,EMP0478,2024-12-12,08:09:35,19:53:43,11.74,present
ATT01902,EMP0105,2024-10-17,08:57:11,18:07:44,9.18,present
ATT01903,EMP0202,2024-10-14,07:33:23,20:14:33,12.69,present
ATT01904,EMP0411,2024-11-22,,,,leave
ATT01905,EMP0145,2024-10-25,07:35:45,18:22:18,10.78,present
ATT01906,EMP0146,2024-10-30,08:05:16,19:02:51,10.96,present
ATT01907,EMP0452,2024-11-13,08:52:58,17:37:14,8.74,present
ATT01908,EMP0370,2024-11-06,08:06:05,,,present
ATT01909,EMP0197,2024-11-25,08:42:57,18:22:53,9.67,present
ATT01910,EMP0165,2024-12-13,08:20:48,17:44:29,9.39,wfh
ATT01911,EMP0074,2024-12-26,09:00:59,19:08:30,10.13,present
ATT01912,EMP0469,2024-12-23,07:34:54,17:26:29,9.86,present
ATT01913,EMP0476,2024-12-27,07:15:28,18:24:06,11.14,present
ATT01914,EMP0135,2024-10-29,07:54:05,18:53:30,10.99,present
ATT01915,EMP0251,2024-11-21,08:27:46,17:48:27,9.34,present
ATT01916,EMP0152,2024-10-03,08:56:06,17:48:27,8.87,present
ATT01917,EMP0367,2024-11-28,07:32:16,17:32:50,10.01,present
ATT01918,EMP0162,2024-11-14,09:07:25,17:00:37,7.89,wfh
ATT01919,EMP0370,2024-12-27,09:42:36,17:05:38,7.38,late
ATT01920,EMP0389,2024-10-21,09:30:01,17:59:39,8.49,late
ATT01921,EMP0110,2024-12-19,08:21:04,19:47:31,11.44,present
ATT01922,EMP0385,2024-12-18,07:19:21,16:52:21,9.55,present
ATT01923,EMP0004,2024-11-01,09:09:52,17:58:52,8.82,present
ATT01924,EMP0367,2024-10-31,07:58:43,19:28:14,11.49,present
ATT01925,EMP0282,2024-10-11,09:12:06,17:48:13,8.6,present
ATT01926,EMP0100,2024-10-10,08:50:14,16:39:32,7.82,present
ATT01927,EMP0205,2024-11-13,08:54:59,17:42:18,8.79,present
ATT01928,EMP0429,2024-12-23,09:18:09,18:38:52,9.35,late
ATT01929,EMP0487,2024-12-27,07:25:19,18:02:54,10.63,wfh
ATT01930,EMP0466,2024-10-21,,,,absent
ATT01931,EMP0131,2024-12-26,09:02:35,17:50:46,8.8,wfh
ATT01932,EMP0456,2024-11-27,07:06:15,18:08:30,11.04,wfh
ATT01933,EMP0085,2024-11-13,,,,leave
ATT01934,EMP0080,2024-10-28,08:49:23,20:24:29,11.58,present
ATT01935,EMP0020,2024-10-17,07:38:39,17:07:45,9.48,present
ATT01936,EMP0082,2024-12-04,08:18:37,16:53:18,8.58,present
ATT01937,EMP0257,2024-10-09,09:04:12,17:33:54,8.5,wfh
ATT01938,EMP0351,2024-11-04,,,,absent
ATT01939,EMP0106,2024-10-07,,,,absent
ATT01940,EMP0030,2024-11-15,09:56:19,17:27:56,7.53,late
ATT01941,EMP0490,2024-12-26,08:23:14,17:56:02,9.55,present
ATT01942,EMP0386,2024-12-23,09:57:37,20:30:07,10.54,late
ATT01943,EMP0327,2024-12-30,09:10:06,18:01:26,8.86,present
ATT01944,EMP0217,2024-11-06,07:43:37,17:43:59,10.01,wfh
ATT01945,EMP0444,2024-12-05,09:53:08,19:57:50,10.08,late
ATT01946,EMP0224,2024-11-01,,,,absent
ATT01947,EMP0146,2024-12-10,,,,absent
ATT01948,EMP0040,2024-10-08,08:51:04,20:13:54,11.38,present
ATT01949,EMP0124,2024-10-03,07:32:07,19:09:43,11.63,present
ATT01950,EMP0171,2024-11-22,08:05:47,16:53:32,8.8,present
ATT01951,EMP0416,2024-10-15,09:29:52,17:10:06,7.67,late
ATT01952,EMP0368,2024-11-27,08:35:15,19:36:57,11.03,present
ATT01953,EMP0066,2024-12-20,07:50:20,20:13:43,12.39,present
ATT01954,EMP0043,2024-12-02,08:27:49,20:07:49,11.67,present
ATT01955,EMP0101,2024-11-06,,,,absent
ATT01956,EMP0471,2024-10-16,07:22:08,20:31:00,13.15,present
ATT01957,EMP0017,2024-10-28,,,,absent
ATT01958,EMP0413,2024-10-30,08:41:18,18:54:38,10.22,present
ATT01959,EMP0499,2024-12-02,09:09:53,17:23:55,8.23,present
ATT01960,EMP0427,2024-10-04,07:03:16,18:20:03,11.28,present
ATT01961,EMP0057,2024-11-22,07:51:11,16:34:49,8.73,present
ATT01962,EMP0121,2024-12-25,09:06:47,17:35:31,8.48,present
ATT01963,EMP0170,2024-12-31,08:39:02,17:47:19,9.14,present
ATT01964,EMP0118,2024-10-10,09:05:56,16:35:38,7.49,present
ATT01965,EMP0391,2024-11-05,08:32:25,20:48:25,12.27,present
ATT01966,EMP0005,2024-12-13,07:15:41,16:38:00,9.37,present
ATT01967,EMP0299,2024-10-15,08:49:46,17:17:26,8.46,present
ATT01968,EMP0129,2024-12-27,09:11:29,18:19:40,9.14,present
ATT01969,EMP0057,2024-10-21,07:34:45,17:15:50,9.68,present
ATT01970,EMP0091,2024-12-10,08:34:32,17:02:04,8.46,present
ATT01971,EMP0032,2024-10-28,07:53:35,17:28:11,9.58,present
ATT01972,EMP0473,2024-10-28,,,,absent
ATT01973,EMP0069,2024-11-06,07:03:55,18:06:15,11.04,present
ATT01974,EMP0097,2024-10-22,07:17:24,16:33:34,9.27,present
ATT01975,EMP0484,2024-10-24,08:10:09,16:33:15,8.39,present
ATT01976,EMP0035,2024-10-21,08:42:35,17:23:50,8.69,present
ATT01977,EMP0386,2024-10-16,07:11:02,17:43:46,10.55,present
ATT01978,EMP0069,2024-10-21,07:56:48,19:33:07,11.61,present
ATT01979,EMP0244,2024-12-11,,,,absent
ATT01980,EMP0063,2024-10-23,09:12:40,19:14:26,10.03,present
ATT01981,EMP0110,2024-10-08,07:15:34,17:41:44,10.44,present
ATT01982,EMP0285,2024-10-24,08:15:47,19:38:00,11.37,present
ATT01983,EMP0468,2024-11-29,,,,absent
ATT01984,EMP0154,2024-11-05,08:47:32,18:41:31,9.9,wfh
ATT01985,EMP0401,2024-11-07,,,,absent
ATT01986,EMP0025,2024-11-21,08:30:11,16:31:01,8.01,present
ATT01987,EMP0367,2024-11-04,09:23:05,18:44:45,9.36,late
ATT01988,EMP0277,2024-12-06,07:49:03,20:58:00,13.15,present
ATT01989,EMP0209,2024-11-06,09:22:27,17:17:35,7.92,late
ATT01990,EMP0342,2024-10-02,,,,absent
ATT01991,EMP0290,2024-11-22,08:55:50,16:55:41,8.0,wfh
ATT01992,EMP0498,2024-10-18,09:08:53,18:06:11,8.96,present
ATT01993,EMP0093,2024-11-20,,,,absent
ATT01994,EMP0108,2024-10-17,,,,absent
ATT01995,EMP0056,2024-11-20,07:29:00,18:05:48,10.61,present
ATT01996,EMP0403,2024-10-24,07:56:49,17:39:16,9.71,present
ATT01997,EMP0209,2024-10-02,09:04:23,18:59:23,9.92,present
ATT01998,EMP0370,2024-11-27,,,,absent
ATT01999,EMP0082,2024-10-28,,,,leave
ATT02000,EMP0380,2024-11-20,08:38:30,17:39:25,9.02,present
ATT02001,EMP0240,2024-10-23,08:21:24,17:38:11,9.28,present
ATT02002,EMP0013,2024-11-04,,,,absent
ATT02003,EMP0451,2024-12-04,,,,absent
ATT02004,EMP0220,2024-12-06,08:27:31,17:15:28,8.8,present
ATT02005,EMP0042,2024-10-01,08:46:43,17:44:48,8.97,wfh
ATT02006,EMP0131,2024-12-02,09:08:32,19:48:09,10.66,present
ATT02007,EMP0079,2024-12-27,08:15:37,18:25:06,10.16,present
ATT02008,EMP0013,2024-10-17,09:40:48,19:59:49,10.32,late
ATT02009,EMP0141,2024-12-20,08:34:14,16:41:23,8.12,present
ATT02010,EMP0071,2024-10-25,08:13:29,17:12:34,8.98,present
ATT02011,EMP0170,2024-11-04,08:30:47,18:52:02,10.35,present
ATT02012,EMP0274,2024-12-03,07:46:08,17:43:41,9.96,present
ATT02013,EMP0352,2024-11-27,09:12:18,19:04:19,9.87,present
ATT02014,EMP0344,2024-12-04,08:50:25,19:11:31,10.35,present
ATT02015,EMP0247,2024-11-25,08:13:46,17:00:18,8.78,present
ATT02016,EMP0491,2024-10-23,09:01:04,20:26:49,11.43,wfh
ATT02017,EMP0130,2024-10-04,07:43:19,17:40:42,9.96,present
ATT02018,EMP0161,2024-10-14,07:23:11,18:32:14,11.15,present
ATT02019,EMP0019,2024-10-25,07:38:25,19:13:56,11.59,present
ATT02020,EMP0305,2024-10-09,,,,absent
ATT02021,EMP0273,2024-10-22,08:16:30,16:56:16,8.66,wfh
ATT02022,EMP0228,2024-10-29,08:20:24,19:37:32,11.29,present
ATT02023,EMP0304,2024-11-11,08:59:01,17:24:35,8.43,present
ATT02024,EMP0357,2024-12-27,08:49:14,16:30:17,7.68,present
ATT02025,EMP0171,2024-10-10,08:14:31,17:25:46,9.19,wfh
ATT02026,EMP0103,2024-10-10,07:44:53,17:48:22,10.06,present
ATT02027,EMP0283,2024-10-15,08:11:47,17:49:45,9.63,present
ATT02028,EMP0277,2024-12-16,08:07:42,17:30:59,9.39,present
ATT02029,EMP0377,2024-10-03,,,,absent
ATT02030,EMP0268,2024-11-11,,,,absent
ATT02031,EMP0080,2024-10-23,07:24:21,17:17:04,9.88,present
ATT02032,EMP0174,2024-10-18,07:58:16,16:42:47,8.74,present
ATT02033,EMP0212,2024-11-26,09:02:37,17:05:34,8.05,present
ATT02034,EMP0439,2024-10-01,08:10:08,17:17:30,9.12,present
ATT02035,EMP0136,2024-11-20,07:33:12,16:32:34,8.99,present
ATT02036,EMP0023,2024-11-13,07:28:44,19:41:03,12.21,present
ATT02037,EMP0013,2024-12-04,08:21:43,20:33:39,12.2,present
ATT02038,EMP0262,2024-12-27,,,,absent
ATT02039,EMP0360,2024-12-19,09:12:53,18:53:36,9.68,present
ATT02040,EMP0235,2024-12-16,08:57:18,20:39:38,11.71,present
ATT02041,EMP0190,2024-10-11,07:20:10,17:06:31,9.77,present
ATT02042,EMP0236,2024-12-18,07:07:17,19:50:21,12.72,present
ATT02043,EMP0377,2024-12-02,,,,leave
ATT02044,EMP0237,2024-11-20,08:22:33,17:35:39,9.22,present
ATT02045,EMP0274,2024-10-31,08:42:06,16:43:04,8.02,present
ATT02046,EMP0152,2024-11-14,08:13:40,18:26:55,10.22,present
ATT02047,EMP0304,2024-10-18,07:06:26,17:53:06,10.78,present
ATT02048,EMP0085,2024-11-14,07:38:29,18:53:22,11.25,present
ATT02049,EMP0293,2024-12-17,08:52:11,19:06:26,10.24,present
ATT02050,EMP0004,2024-10-21,08:19:38,19:13:31,10.9,present
ATT02051,EMP0030,2024-10-10,08:32:04,17:36:53,9.08,present
ATT02052,EMP0494,2024-10-22,09:48:54,16:42:33,6.89,late
ATT02053,EMP0324,2024-10-22,,,,leave
ATT02054,EMP0027,2024-11-06,09:59:03,17:48:13,7.82,late
ATT02055,EMP0019,2024-12-12,,,,holiday
ATT02056,EMP0354,2024-11-11,09:13:00,20:04:27,10.86,wfh
ATT02057,EMP0061,2024-12-19,08:22:12,17:07:24,8.75,present
ATT02058,EMP0259,2024-11-19,,,,absent
ATT02059,EMP0491,2024-10-16,07:51:44,17:26:58,9.59,present
ATT02060,EMP0273,2024-10-08,09:30:04,20:39:55,11.16,late
ATT02061,EMP0349,2024-10-02,08:21:17,16:54:54,8.56,present
ATT02062,EMP0326,2024-10-17,07:19:44,16:37:30,9.3,present
ATT02063,EMP0471,2024-12-04,09:53:22,18:23:33,8.5,late
ATT02064,EMP0286,2024-10-18,08:32:14,18:44:26,10.2,present
ATT02065,EMP0092,2024-10-04,07:43:38,17:09:30,9.43,present
ATT02066,EMP0466,2024-10-18,08:46:13,17:09:58,8.4,wfh
ATT02067,EMP0212,2024-10-10,,,,absent
ATT02068,EMP0295,2024-10-15,08:49:57,18:06:28,9.28,present
ATT02069,EMP0120,2024-12-31,08:04:53,17:20:35,9.26,present
ATT02070,EMP0029,2024-12-12,07:40:47,18:53:31,11.21,present
ATT02071,EMP0288,2024-10-18,09:26:57,17:52:45,8.43,late
ATT02072,EMP0152,2024-10-09,09:27:25,16:33:44,7.11,late
ATT02073,EMP0293,2024-11-11,08:25:14,18:22:16,9.95,present
ATT02074,EMP0207,2024-10-15,07:52:13,18:20:14,10.47,present
ATT02075,EMP0032,2024-11-20,07:20:24,17:49:03,10.48,present
ATT02076,EMP0227,2024-11-19,08:15:00,20:38:25,12.39,present
ATT02077,EMP0310,2024-11-22,08:42:47,18:49:39,10.11,present
ATT02078,EMP0122,2024-12-11,07:41:37,19:44:42,12.05,present
ATT02079,EMP0107,2024-10-21,08:23:56,20:08:40,11.75,present
ATT02080,EMP0453,2024-11-05,08:58:46,16:47:47,7.82,present
ATT02081,EMP0018,2024-10-03,08:38:55,17:44:06,9.09,present
ATT02082,EMP0361,2024-12-17,,,,leave
ATT02083,EMP0111,2024-12-02,08:30:40,17:21:41,8.85,present
ATT02084,EMP0339,2024-12-03,07:26:25,17:04:56,9.64,present
ATT02085,EMP0285,2024-12-16,,,,absent
ATT02086,EMP0453,2024-12-16,07:13:39,20:12:59,12.99,present
ATT02087,EMP0380,2024-11-14,08:28:01,20:44:08,12.27,present
ATT02088,EMP0313,2024-10-04,07:30:42,17:45:18,10.24,present
ATT02089,EMP0125,2024-10-22,07:45:58,17:19:08,9.55,present
ATT02090,EMP0359,2024-10-01,09:02:41,17:47:54,8.75,present
ATT02091,EMP0207,2024-11-05,08:06:44,17:51:51,9.75,wfh
ATT02092,EMP0432,2024-11-05,07:26:43,17:11:46,9.75,present
ATT02093,EMP0097,2024-12-18,07:27:20,18:57:00,11.49,present
ATT02094,EMP0158,2024-12-17,09:49:06,18:18:17,8.49,late
ATT02095,EMP0251,2024-12-17,07:18:48,18:09:42,10.85,present
ATT02096,EMP0093,2024-10-15,09:00:10,18:15:51,9.26,wfh
ATT02097,EMP0221,2024-10-11,08:00:44,18:28:26,10.46,present
ATT02098,EMP0335,2024-11-12,08:44:57,17:07:42,8.38,present
ATT02099,EMP0085,2024-12-24,09:08:27,17:21:26,8.22,present
ATT02100,EMP0014,2024-10-07,08:00:39,18:06:19,10.09,present
ATT02101,EMP0038,2024-11-18,,,,leave
ATT02102,EMP0274,2024-10-17,08:22:12,17:57:12,9.58,present
ATT02103,EMP0192,2024-11-28,08:02:20,18:53:40,10.86,present
ATT02104,EMP0403,2024-10-04,,,,absent
ATT02105,EMP0485,2024-10-11,07:19:53,18:05:43,10.76,present
ATT02106,EMP0069,2024-10-09,09:09:03,17:24:55,8.26,present
ATT02107,EMP0285,2024-12-26,07:42:57,17:01:41,9.31,present
ATT02108,EMP0077,2024-11-14,07:20:24,18:39:17,11.31,present
ATT02109,EMP0027,2024-10-03,09:51:37,17:02:40,7.18,late
ATT02110,EMP0374,2024-11-12,09:30:30,19:45:24,10.25,late
ATT02111,EMP0349,2024-10-11,09:52:42,19:38:11,9.76,late
ATT02112,EMP0462,2024-11-18,07:36:22,17:14:34,9.64,present
ATT02113,EMP0368,2024-10-01,,,,absent
ATT02114,EMP0195,2024-11-13,08:05:36,18:05:53,10.0,present
ATT02115,EMP0429,2024-10-11,07:40:52,17:38:43,9.96,present
ATT02116,EMP0196,2024-10-31,07:53:39,17:50:50,9.95,present
ATT02117,EMP0029,2024-11-14,08:08:17,17:18:00,9.16,present
ATT02118,EMP0389,2024-12-30,09:42:43,17:32:47,7.83,late
ATT02119,EMP0027,2024-11-22,07:17:26,17:12:51,9.92,present
ATT02120,EMP0419,2024-12-27,08:43:33,17:15:16,8.53,present
ATT02121,EMP0256,2024-12-27,,,,absent
ATT02122,EMP0411,2024-11-08,07:30:23,17:47:33,10.29,present
ATT02123,EMP0419,2024-10-11,08:27:57,18:46:02,10.3,present
ATT02124,EMP0121,2024-12-23,09:38:51,18:11:18,8.54,late
ATT02125,EMP0377,2024-12-18,07:46:35,17:24:39,9.63,present
ATT02126,EMP0439,2024-10-22,07:35:21,18:01:28,10.44,present
ATT02127,EMP0269,2024-12-06,,,,leave
ATT02128,EMP0384,2024-11-21,08:13:21,16:48:55,8.59,wfh
ATT02129,EMP0062,2024-12-12,08:10:48,18:38:17,10.46,wfh
ATT02130,EMP0244,2024-10-17,08:53:40,16:37:36,7.73,present
ATT02131,EMP0093,2024-11-07,08:51:57,19:18:20,10.44,present
ATT02132,EMP0307,2024-11-20,07:20:38,17:53:55,10.55,wfh
ATT02133,EMP0033,2024-12-26,08:25:21,16:38:29,8.22,present
ATT02134,EMP0304,2024-11-18,07:51:35,17:00:02,9.14,present
ATT02135,EMP0154,2024-11-11,09:32:08,20:13:59,10.7,late
ATT02136,EMP0107,2024-11-27,08:18:47,19:42:24,11.39,present
ATT02137,EMP0280,2024-11-01,08:27:27,20:37:34,12.17,present
ATT02138,EMP0129,2024-12-31,08:37:16,20:01:26,11.4,present
ATT02139,EMP0430,2024-11-21,09:44:44,16:57:55,7.22,late
ATT02140,EMP0373,2024-10-21,09:52:03,17:54:16,8.04,late
ATT02141,EMP0389,2024-12-19,08:28:58,17:05:01,8.6,present
ATT02142,EMP0010,2024-10-11,07:51:33,18:50:45,10.99,present
ATT02143,EMP0459,2024-11-15,08:06:21,19:30:53,11.41,present
ATT02144,EMP0102,2024-12-17,08:26:27,18:00:41,9.57,present
ATT02145,EMP0426,2024-10-24,08:04:34,19:01:43,10.95,present
ATT02146,EMP0019,2024-11-07,07:24:31,18:16:36,10.87,present
ATT02147,EMP0298,2024-10-09,09:10:11,17:18:44,8.14,present
ATT02148,EMP0324,2024-12-20,07:23:39,19:36:33,12.21,present
ATT02149,EMP0344,2024-10-30,08:01:56,18:20:48,10.31,present
ATT02150,EMP0064,2024-10-16,07:41:21,19:26:54,11.76,wfh
ATT02151,EMP0265,2024-10-10,09:09:50,17:31:21,8.36,present
ATT02152,EMP0099,2024-10-04,08:02:08,18:57:11,10.92,wfh
ATT02153,EMP0406,2024-11-15,08:27:04,20:53:44,12.44,present
ATT02154,EMP0058,2024-10-15,09:36:51,20:07:19,10.51,late
ATT02155,EMP0145,2024-12-05,07:54:08,18:03:55,10.16,present
ATT02156,EMP0439,2024-12-31,09:13:15,18:55:45,9.71,present
ATT02157,EMP0379,2024-12-30,08:27:47,17:48:24,9.34,wfh
ATT02158,EMP0500,2024-12-19,08:32:50,17:40:26,9.13,present
ATT02159,EMP0092,2024-10-21,07:33:41,18:36:15,11.04,present
ATT02160,EMP0051,2024-12-18,09:50:55,16:51:24,7.01,late
ATT02161,EMP0017,2024-12-30,09:35:32,18:14:01,8.64,late
ATT02162,EMP0403,2024-11-21,,,,leave
ATT02163,EMP0426,2024-12-31,09:13:05,16:54:05,7.68,present
ATT02164,EMP0022,2024-10-14,,,,leave
ATT02165,EMP0350,2024-12-11,07:28:35,19:38:21,12.16,present
ATT02166,EMP0162,2024-11-22,09:54:41,17:00:48,7.1,late
ATT02167,EMP0341,2024-10-24,08:41:58,18:09:58,9.47,present
ATT02168,EMP0100,2024-10-22,09:07:29,18:33:24,9.43,present
ATT02169,EMP0334,2024-12-31,,,,absent
ATT02170,EMP0476,2024-11-11,,,,leave
ATT02171,EMP0367,2024-12-18,08:03:57,17:24:20,9.34,present
ATT02172,EMP0281,2024-10-02,08:09:03,17:47:27,9.64,present
ATT02173,EMP0344,2024-10-31,07:16:19,18:13:40,10.96,present
ATT02174,EMP0040,2024-10-04,08:16:25,19:47:47,11.52,present
ATT02175,EMP0161,2024-10-08,09:03:14,17:34:04,8.51,present
ATT02176,EMP0197,2024-12-24,09:02:12,17:23:28,8.35,present
ATT02177,EMP0110,2024-11-04,,,,absent
ATT02178,EMP0243,2024-10-15,09:06:05,20:45:53,11.66,present
ATT02179,EMP0183,2024-12-11,09:14:03,20:56:14,11.7,present
ATT02180,EMP0056,2024-10-15,,,,absent
ATT02181,EMP0314,2024-11-18,07:56:28,18:17:55,10.36,present
ATT02182,EMP0102,2024-12-16,08:29:29,19:11:43,10.7,present
ATT02183,EMP0358,2024-12-30,08:56:08,19:15:25,10.32,present
ATT02184,EMP0094,2024-12-23,08:34:20,16:46:39,8.21,present
ATT02185,EMP0469,2024-12-10,08:58:56,20:52:31,11.89,present
ATT02186,EMP0371,2024-12-25,09:46:49,18:39:17,8.87,late
ATT02187,EMP0428,2024-10-09,09:04:41,17:18:53,8.24,present
ATT02188,EMP0165,2024-10-08,09:23:37,18:54:12,9.51,late
ATT02189,EMP0376,2024-12-03,08:47:29,18:56:52,10.16,present
ATT02190,EMP0141,2024-10-22,07:48:50,17:30:24,9.69,present
ATT02191,EMP0161,2024-10-16,08:26:35,20:18:01,11.86,present
ATT02192,EMP0372,2024-12-16,,,,absent
ATT02193,EMP0067,2024-12-03,08:55:09,16:57:30,8.04,wfh
ATT02194,EMP0275,2024-10-08,08:29:22,17:19:38,8.84,present
ATT02195,EMP0312,2024-11-13,09:37:12,18:05:04,8.46,late
ATT02196,EMP0108,2024-12-26,09:45:49,17:41:49,7.93,late
ATT02197,EMP0175,2024-11-08,07:03:39,16:55:02,9.86,present
ATT02198,EMP0207,2024-12-06,09:11:02,18:47:02,9.6,present
ATT02199,EMP0223,2024-10-18,09:38:25,18:46:32,9.14,late
ATT02200,EMP0499,2024-12-20,07:15:47,18:46:16,11.51,wfh
ATT02201,EMP0372,2024-12-10,08:15:33,18:41:42,10.44,wfh
ATT02202,EMP0111,2024-11-21,08:23:15,18:11:58,9.81,present
ATT02203,EMP0411,2024-10-08,09:58:08,19:27:02,9.48,late
ATT02204,EMP0385,2024-12-13,09:10:58,16:57:02,7.77,present
ATT02205,EMP0452,2024-11-20,08:29:01,17:04:03,8.58,present
ATT02206,EMP0389,2024-12-06,09:34:37,18:52:26,9.3,late
ATT02207,EMP0245,2024-11-13,07:05:38,19:53:20,12.8,present
ATT02208,EMP0391,2024-12-16,07:05:35,17:43:56,10.64,present
ATT02209,EMP0019,2024-11-18,08:32:13,20:50:59,12.31,present
ATT02210,EMP0288,2024-12-31,08:25:27,17:19:46,8.91,present
ATT02211,EMP0192,2024-10-28,09:45:28,19:59:05,10.23,late
ATT02212,EMP0042,2024-12-18,,,,leave
ATT02213,EMP0008,2024-10-28,09:47:31,16:38:46,6.85,late
ATT02214,EMP0359,2024-11-29,08:46:37,19:25:42,10.65,present
ATT02215,EMP0062,2024-12-09,09:50:56,17:45:39,7.91,late
ATT02216,EMP0088,2024-10-29,07:47:23,17:23:25,9.6,present
ATT02217,EMP0224,2024-11-13,09:53:37,18:01:33,8.13,late
ATT02218,EMP0406,2024-12-12,09:09:04,18:45:10,9.6,present
ATT02219,EMP0169,2024-10-23,09:03:44,17:00:46,7.95,present
ATT02220,EMP0003,2024-12-30,07:36:45,17:31:27,9.91,present
ATT02221,EMP0368,2024-11-08,08:54:01,18:17:53,9.4,present
ATT02222,EMP0165,2024-12-11,08:43:15,19:11:58,10.48,present
ATT02223,EMP0339,2024-12-30,07:04:16,16:41:04,9.61,present
ATT02224,EMP0139,2024-10-08,07:56:05,19:24:02,11.47,present
ATT02225,EMP0280,2024-10-24,,,,absent
ATT02226,EMP0161,2024-12-10,09:46:19,20:55:15,11.15,late
ATT02227,EMP0484,2024-12-18,07:35:37,17:16:29,9.68,wfh
ATT02228,EMP0384,2024-10-11,09:11:32,18:10:16,8.98,present
ATT02229,EMP0274,2024-10-03,08:19:55,18:52:08,10.54,present
ATT02230,EMP0402,2024-10-11,07:12:20,18:18:06,11.1,present
ATT02231,EMP0055,2024-11-22,07:59:57,17:58:46,9.98,present
ATT02232,EMP0046,2024-11-07,07:50:32,20:41:14,12.84,present
ATT02233,EMP0067,2024-11-13,08:05:34,19:26:19,11.35,present
ATT02234,EMP0225,2024-10-29,08:30:19,17:13:05,8.71,present
ATT02235,EMP0065,2024-11-11,07:58:23,17:32:43,9.57,present
ATT02236,EMP0131,2024-12-24,09:15:09,18:32:23,9.29,late
ATT02237,EMP0466,2024-12-12,07:17:57,19:49:20,12.52,present
ATT02238,EMP0003,2024-11-29,08:52:05,18:13:39,9.36,present
ATT02239,EMP0030,2024-11-14,08:49:34,18:40:10,9.84,present
ATT02240,EMP0198,2024-12-31,09:01:31,18:21:56,9.34,wfh
ATT02241,EMP0058,2024-12-11,08:51:39,16:55:36,8.07,present
ATT02242,EMP0102,2024-12-04,08:19:45,17:58:10,9.64,wfh
ATT02243,EMP0163,2024-10-22,08:24:21,18:51:33,10.45,present
ATT02244,EMP0397,2024-10-17,07:24:29,18:48:39,11.4,present
ATT02245,EMP0276,2024-11-26,,,,absent
ATT02246,EMP0420,2024-10-07,07:13:34,17:54:06,10.68,wfh
ATT02247,EMP0169,2024-10-04,08:14:19,17:35:57,9.36,present
ATT02248,EMP0362,2024-12-13,09:12:02,16:36:34,7.41,present
ATT02249,EMP0260,2024-10-11,09:31:55,19:12:16,9.67,late
ATT02250,EMP0299,2024-12-25,07:45:38,17:19:58,9.57,present
ATT02251,EMP0481,2024-10-11,09:21:44,18:36:29,9.25,late
ATT02252,EMP0496,2024-10-23,09:13:15,16:56:37,7.72,present
ATT02253,EMP0451,2024-11-15,09:14:06,17:04:32,7.84,present
ATT02254,EMP0379,2024-10-08,09:24:30,17:18:05,7.89,late
ATT02255,EMP0350,2024-10-01,07:18:46,19:05:12,11.77,present
ATT02256,EMP0260,2024-12-23,07:05:21,,,present
ATT02257,EMP0353,2024-10-25,09:05:23,17:54:03,8.81,present
ATT02258,EMP0059,2024-11-18,09:35:14,16:36:03,7.01,late
ATT02259,EMP0049,2024-12-18,09:33:00,20:28:34,10.93,late
ATT02260,EMP0167,2024-12-12,07:42:45,17:57:03,10.24,present
ATT02261,EMP0326,2024-10-18,08:56:47,19:23:39,10.45,wfh
ATT02262,EMP0138,2024-11-27,08:19:42,18:20:29,10.01,present
ATT02263,EMP0401,2024-11-01,09:42:15,18:20:56,8.64,late
ATT02264,EMP0251,2024-12-06,08:07:50,17:38:37,9.51,present
ATT02265,EMP0164,2024-12-16,07:09:26,18:21:09,11.2,present
ATT02266,EMP0397,2024-11-13,07:26:19,17:59:39,10.56,present
ATT02267,EMP0448,2024-12-10,09:16:26,17:58:44,8.7,late
ATT02268,EMP0447,2024-12-18,09:06:41,19:44:39,10.63,present
ATT02269,EMP0192,2024-12-30,,,,absent
ATT02270,EMP0244,2024-11-25,07:01:03,17:10:42,10.16,present
ATT02271,EMP0442,2024-10-16,,,,leave
ATT02272,EMP0202,2024-11-29,08:08:51,17:25:34,9.28,present
ATT02273,EMP0376,2024-11-15,07:26:52,17:09:43,9.71,present
ATT02274,EMP0193,2024-10-09,07:40:51,20:22:59,12.7,present
ATT02275,EMP0066,2024-10-22,09:06:10,19:53:39,10.79,present
ATT02276,EMP0393,2024-10-24,08:49:24,17:01:33,8.2,wfh
ATT02277,EMP0038,2024-12-25,07:40:17,20:36:51,12.94,present
ATT02278,EMP0227,2024-11-13,09:01:47,16:30:22,7.48,wfh
ATT02279,EMP0446,2024-10-08,08:14:08,18:31:08,10.28,present
ATT02280,EMP0220,2024-10-21,07:35:40,20:03:45,12.47,present
ATT02281,EMP0045,2024-12-24,07:10:09,16:31:41,9.36,wfh
ATT02282,EMP0049,2024-12-16,09:07:58,18:35:21,9.46,wfh
ATT02283,EMP0438,2024-10-10,08:31:47,17:16:51,8.75,present
ATT02284,EMP0139,2024-12-10,07:35:29,17:09:39,9.57,present
ATT02285,EMP0128,2024-12-13,09:20:18,18:11:57,8.86,late
ATT02286,EMP0193,2024-11-13,09:12:02,18:43:32,9.53,wfh
ATT02287,EMP0265,2024-10-23,09:00:45,17:58:40,8.97,present
ATT02288,EMP0061,2024-12-31,,,,absent
ATT02289,EMP0371,2024-11-15,08:25:01,19:02:18,10.62,present
ATT02290,EMP0202,2024-12-05,08:01:11,17:16:00,9.25,present
ATT02291,EMP0381,2024-10-10,08:50:22,18:56:30,10.1,present
ATT02292,EMP0243,2024-12-26,08:28:51,19:44:38,11.26,present
ATT02293,EMP0006,2024-10-09,08:02:45,16:38:55,8.6,present
ATT02294,EMP0018,2024-11-22,07:40:32,18:27:25,10.78,present
ATT02295,EMP0084,2024-11-22,09:04:13,16:33:57,7.5,present
ATT02296,EMP0338,2024-11-14,08:21:40,18:27:51,10.1,present
ATT02297,EMP0109,2024-10-09,07:14:32,20:33:32,13.32,present
ATT02298,EMP0180,2024-12-06,08:28:46,19:22:27,10.89,present
ATT02299,EMP0240,2024-11-19,09:14:39,17:04:13,7.83,present
ATT02300,EMP0478,2024-12-17,08:42:03,19:41:08,10.98,present
ATT02301,EMP0277,2024-12-27,07:53:37,16:58:05,9.07,present
ATT02302,EMP0265,2024-10-09,,,,absent
ATT02303,EMP0202,2024-12-17,07:51:46,17:35:24,9.73,present
ATT02304,EMP0163,2024-10-29,07:59:17,20:53:37,12.91,present
ATT02305,EMP0010,2024-11-25,08:42:48,20:57:56,12.25,present
ATT02306,EMP0195,2024-12-16,07:48:36,16:36:32,8.8,present
ATT02307,EMP0229,2024-12-26,07:13:21,17:48:46,10.59,present
ATT02308,EMP0486,2024-12-18,09:48:37,18:46:15,8.96,late
ATT02309,EMP0367,2024-12-19,,,,leave
ATT02310,EMP0190,2024-11-26,,,,absent
ATT02311,EMP0136,2024-11-04,08:10:45,18:19:04,10.14,present
ATT02312,EMP0319,2024-10-04,08:45:48,17:16:29,8.51,wfh
ATT02313,EMP0274,2024-10-23,08:46:03,18:14:19,9.47,present
ATT02314,EMP0150,2024-12-05,08:08:35,17:37:22,9.48,present
ATT02315,EMP0161,2024-12-11,07:47:26,,,present
ATT02316,EMP0244,2024-10-23,08:13:40,16:56:36,8.72,present
ATT02317,EMP0408,2024-11-01,09:29:08,19:31:00,10.03,late
ATT02318,EMP0495,2024-12-13,08:16:55,19:52:40,11.6,present
ATT02319,EMP0209,2024-11-21,,,,absent
ATT02320,EMP0257,2024-11-28,08:47:49,19:53:51,11.1,present
ATT02321,EMP0385,2024-12-02,08:24:44,17:37:57,9.22,wfh
ATT02322,EMP0141,2024-10-09,07:23:49,17:55:56,10.54,present
ATT02323,EMP0007,2024-12-16,07:33:57,17:45:34,10.19,present
ATT02324,EMP0100,2024-11-01,07:48:48,17:33:13,9.74,present
ATT02325,EMP0071,2024-10-31,07:15:23,17:02:27,9.78,present
ATT02326,EMP0094,2024-11-21,08:32:21,19:34:46,11.04,wfh
ATT02327,EMP0276,2024-12-25,08:43:53,19:31:58,10.8,present
ATT02328,EMP0192,2024-12-11,09:55:31,16:49:25,6.9,late
ATT02329,EMP0082,2024-11-26,,,,absent
ATT02330,EMP0391,2024-10-11,08:20:51,17:30:17,9.16,present
ATT02331,EMP0249,2024-10-04,09:04:36,18:53:36,9.82,present
ATT02332,EMP0063,2024-10-15,08:21:09,17:14:22,8.89,wfh
ATT02333,EMP0108,2024-11-19,09:03:05,20:20:57,11.3,present
ATT02334,EMP0458,2024-10-17,,,,leave
ATT02335,EMP0057,2024-12-05,08:43:50,18:38:40,9.91,present
ATT02336,EMP0317,2024-11-14,07:59:32,20:17:34,12.3,present
ATT02337,EMP0341,2024-12-09,09:07:17,17:43:04,8.6,present
ATT02338,EMP0039,2024-10-01,09:48:24,17:27:28,7.65,late
ATT02339,EMP0490,2024-10-02,08:48:07,17:50:39,9.04,present
ATT02340,EMP0065,2024-12-24,08:31:27,18:21:14,9.83,present
ATT02341,EMP0376,2024-12-10,,,,absent
ATT02342,EMP0305,2024-12-27,,,,leave
ATT02343,EMP0358,2024-10-23,,,,absent
ATT02344,EMP0120,2024-10-15,08:39:26,18:50:20,10.18,present
ATT02345,EMP0106,2024-12-03,07:49:22,19:19:56,11.51,present
ATT02346,EMP0284,2024-10-02,07:39:25,20:33:38,12.9,present
ATT02347,EMP0168,2024-12-19,08:15:59,16:59:51,8.73,present
ATT02348,EMP0084,2024-12-12,07:36:13,18:47:32,11.19,present
ATT02349,EMP0163,2024-10-30,07:03:53,17:25:50,10.37,present
ATT02350,EMP0410,2024-12-16,,,,absent
ATT02351,EMP0047,2024-10-25,07:53:02,17:48:47,9.93,present
ATT02352,EMP0472,2024-10-21,08:36:30,17:11:59,8.59,present
ATT02353,EMP0125,2024-11-14,,,,absent
ATT02354,EMP0141,2024-12-25,08:09:08,18:48:34,10.66,present
ATT02355,EMP0212,2024-11-11,09:03:19,17:30:24,8.45,wfh
ATT02356,EMP0277,2024-12-02,08:35:03,18:27:41,9.88,present
ATT02357,EMP0447,2024-12-09,09:00:05,16:38:00,7.63,present
ATT02358,EMP0484,2024-10-09,07:12:58,18:35:00,11.37,present
ATT02359,EMP0293,2024-12-02,,,,absent
ATT02360,EMP0409,2024-10-30,07:53:54,18:55:14,11.02,present
ATT02361,EMP0235,2024-11-15,08:47:15,18:50:56,10.06,present
ATT02362,EMP0324,2024-10-31,08:25:25,20:06:59,11.69,present
ATT02363,EMP0191,2024-10-23,08:20:16,18:26:56,10.11,present
ATT02364,EMP0077,2024-11-11,07:22:15,17:57:25,10.59,present
ATT02365,EMP0317,2024-11-27,07:39:56,19:31:54,11.87,present
ATT02366,EMP0157,2024-12-04,08:59:47,19:40:44,10.68,present
ATT02367,EMP0484,2024-11-18,07:31:08,16:50:21,9.32,present
ATT02368,EMP0032,2024-10-07,09:03:25,18:39:36,9.6,present
ATT02369,EMP0435,2024-12-16,07:06:38,17:45:33,10.65,present
ATT02370,EMP0158,2024-11-25,,,,holiday
ATT02371,EMP0422,2024-12-05,08:26:28,17:51:32,9.42,wfh
ATT02372,EMP0176,2024-12-23,08:47:02,17:05:56,8.31,present
ATT02373,EMP0210,2024-10-25,08:20:46,17:35:15,9.24,present
ATT02374,EMP0067,2024-10-24,07:43:31,20:21:55,12.64,present
ATT02375,EMP0119,2024-10-28,09:50:08,17:58:10,8.13,late
ATT02376,EMP0461,2024-12-19,08:11:26,18:13:38,10.04,present
ATT02377,EMP0176,2024-12-26,09:40:30,18:18:47,8.64,late
ATT02378,EMP0438,2024-10-15,08:00:28,16:56:30,8.93,wfh
ATT02379,EMP0287,2024-12-18,08:05:42,17:38:32,9.55,present
ATT02380,EMP0497,2024-12-10,,,,absent
ATT02381,EMP0492,2024-11-06,07:29:30,18:23:04,10.89,present
ATT02382,EMP0150,2024-11-21,07:36:43,18:19:06,10.71,wfh
ATT02383,EMP0416,2024-10-30,09:53:49,17:21:13,7.46,late
ATT02384,EMP0309,2024-10-30,09:01:27,18:39:34,9.64,present
ATT02385,EMP0022,2024-11-04,07:33:48,17:33:49,10.0,wfh
ATT02386,EMP0355,2024-12-06,09:05:42,20:17:28,11.2,present
ATT02387,EMP0439,2024-10-30,08:27:22,19:49:20,11.37,present
ATT02388,EMP0046,2024-12-24,08:57:02,20:01:23,11.07,present
ATT02389,EMP0223,2024-10-02,08:19:46,18:41:50,10.37,present
ATT02390,EMP0423,2024-10-10,09:55:53,18:14:49,8.32,late
ATT02391,EMP0043,2024-12-09,08:34:30,20:06:21,11.53,present
ATT02392,EMP0152,2024-10-08,,,,absent
ATT02393,EMP0158,2024-11-28,,,,absent
ATT02394,EMP0461,2024-11-04,08:51:36,17:09:46,8.3,present
ATT02395,EMP0023,2024-12-09,09:52:17,16:45:25,6.89,late
ATT02396,EMP0388,2024-11-11,09:03:19,17:22:13,8.32,present
ATT02397,EMP0091,2024-11-18,08:37:29,20:07:03,11.49,present
ATT02398,EMP0402,2024-11-11,09:22:07,18:41:16,9.32,late
ATT02399,EMP0205,2024-11-11,08:29:54,17:49:18,9.32,present
ATT02400,EMP0189,2024-10-02,09:30:42,17:52:57,8.37,late
ATT02401,EMP0025,2024-10-18,09:04:44,20:08:11,11.06,present
ATT02402,EMP0324,2024-10-11,08:23:29,18:25:16,10.03,present
ATT02403,EMP0462,2024-12-10,07:14:21,18:41:46,11.46,present
ATT02404,EMP0282,2024-12-24,09:07:19,17:25:34,8.3,present
ATT02405,EMP0318,2024-11-20,08:56:41,18:29:13,9.54,present
ATT02406,EMP0274,2024-12-02,,,,absent
ATT02407,EMP0106,2024-11-19,08:42:20,17:15:55,8.56,present
ATT02408,EMP0158,2024-11-14,07:34:23,18:22:35,10.8,present
ATT02409,EMP0432,2024-12-04,07:53:49,18:31:47,10.63,present
ATT02410,EMP0275,2024-10-09,08:19:53,20:23:59,12.07,present
ATT02411,EMP0339,2024-11-06,08:06:41,19:25:02,11.31,present
ATT02412,EMP0341,2024-12-04,07:50:57,18:40:40,10.83,present
ATT02413,EMP0442,2024-10-11,07:49:12,19:10:15,11.35,present
ATT02414,EMP0302,2024-11-07,07:47:47,18:28:00,10.67,present
ATT02415,EMP0287,2024-10-18,,,,leave
ATT02416,EMP0010,2024-11-27,08:01:29,17:16:25,9.25,present
ATT02417,EMP0149,2024-10-22,08:28:40,17:16:46,8.8,present
ATT02418,EMP0092,2024-12-20,08:42:37,20:46:51,12.07,present
ATT02419,EMP0317,2024-12-31,09:03:18,17:35:22,8.53,present
ATT02420,EMP0426,2024-11-14,09:51:21,16:46:45,6.92,late
ATT02421,EMP0343,2024-12-09,07:31:18,18:45:49,11.24,present
ATT02422,EMP0401,2024-12-16,08:02:07,20:01:12,11.98,present
ATT02423,EMP0375,2024-12-31,08:52:24,17:01:04,8.14,present
ATT02424,EMP0498,2024-10-28,08:22:39,16:51:54,8.49,present
ATT02425,EMP0492,2024-10-10,07:48:06,20:47:02,12.98,present
ATT02426,EMP0189,2024-11-26,08:29:36,18:36:02,10.11,present
ATT02427,EMP0305,2024-10-24,08:34:27,17:33:20,8.98,present
ATT02428,EMP0169,2024-12-19,08:43:06,19:57:45,11.24,present
ATT02429,EMP0437,2024-10-24,,,,absent
ATT02430,EMP0157,2024-12-06,07:07:47,18:37:51,11.5,present
ATT02431,EMP0144,2024-10-07,07:42:35,19:28:25,11.76,present
ATT02432,EMP0055,2024-12-06,09:03:22,17:50:27,8.78,present
ATT02433,EMP0458,2024-11-14,09:30:23,18:45:33,9.25,late
ATT02434,EMP0107,2024-11-18,08:26:02,20:03:29,11.62,present
ATT02435,EMP0081,2024-11-06,07:08:34,17:17:49,10.15,present
ATT02436,EMP0357,2024-11-08,07:13:14,18:52:06,11.65,present
ATT02437,EMP0378,2024-12-19,,,,absent
ATT02438,EMP0101,2024-11-12,07:39:00,17:17:12,9.64,present
ATT02439,EMP0146,2024-10-18,07:38:29,18:10:31,10.53,present
ATT02440,EMP0094,2024-10-21,09:54:14,19:25:54,9.53,late
ATT02441,EMP0416,2024-12-27,09:35:30,19:28:49,9.89,late
ATT02442,EMP0022,2024-12-10,07:44:17,16:36:45,8.87,present
ATT02443,EMP0097,2024-11-06,09:00:42,16:59:29,7.98,present
ATT02444,EMP0106,2024-12-31,09:38:49,19:53:23,10.24,late
ATT02445,EMP0033,2024-11-07,08:52:09,19:52:01,11.0,present
ATT02446,EMP0103,2024-10-25,08:11:54,18:11:42,10.0,present
ATT02447,EMP0074,2024-10-08,,,,absent
ATT02448,EMP0069,2024-10-02,08:15:57,20:51:37,12.59,present
ATT02449,EMP0112,2024-11-11,08:45:49,17:09:56,8.4,present
ATT02450,EMP0107,2024-10-01,08:55:48,19:27:37,10.53,present
ATT02451,EMP0013,2024-10-11,07:05:51,17:43:08,10.62,present
ATT02452,EMP0444,2024-12-09,07:50:51,17:04:16,9.22,present
ATT02453,EMP0031,2024-10-04,09:10:10,18:55:10,9.75,present
ATT02454,EMP0320,2024-12-25,08:05:59,17:37:31,9.53,present
ATT02455,EMP0462,2024-12-09,09:08:36,17:53:21,8.75,wfh
ATT02456,EMP0074,2024-10-02,,,,absent
ATT02457,EMP0351,2024-10-15,08:55:19,19:48:48,10.89,present
ATT02458,EMP0181,2024-11-04,08:28:16,18:24:58,9.94,present
ATT02459,EMP0237,2024-12-09,,,,leave
ATT02460,EMP0057,2024-11-20,08:44:13,17:23:43,8.66,present
ATT02461,EMP0040,2024-11-12,,,,absent
ATT02462,EMP0354,2024-11-21,08:17:18,17:07:33,8.84,present
ATT02463,EMP0412,2024-10-15,07:51:49,18:05:13,10.22,present
ATT02464,EMP0376,2024-12-31,08:58:28,17:32:01,8.56,wfh
ATT02465,EMP0485,2024-10-09,09:05:09,16:36:35,7.52,present
ATT02466,EMP0306,2024-11-19,09:10:34,17:44:37,8.57,present
ATT02467,EMP0272,2024-10-24,07:28:53,19:32:19,12.06,present
ATT02468,EMP0119,2024-11-26,07:34:49,18:55:31,11.35,present
ATT02469,EMP0191,2024-12-12,,,,absent
ATT02470,EMP0376,2024-11-26,07:16:24,17:10:01,9.89,present
ATT02471,EMP0024,2024-10-01,09:31:42,17:12:15,7.68,late
ATT02472,EMP0291,2024-12-11,08:17:03,17:07:11,8.84,present
ATT02473,EMP0111,2024-10-01,08:10:34,17:58:24,9.8,present
ATT02474,EMP0203,2024-12-06,07:12:00,20:56:49,13.75,present
ATT02475,EMP0281,2024-10-14,08:58:18,20:58:30,12.0,present
ATT02476,EMP0205,2024-10-03,07:46:36,16:43:42,8.95,present
ATT02477,EMP0442,2024-10-08,,,,leave
ATT02478,EMP0280,2024-12-17,,,,absent
ATT02479,EMP0430,2024-12-09,,,,absent
ATT02480,EMP0273,2024-11-18,09:07:27,17:34:15,8.45,present
ATT02481,EMP0057,2024-10-14,08:24:09,18:00:30,9.61,present
ATT02482,EMP0009,2024-12-10,08:41:30,17:40:26,8.98,present
ATT02483,EMP0236,2024-11-22,07:06:31,17:02:18,9.93,present
ATT02484,EMP0054,2024-10-16,08:33:54,19:35:03,11.02,present
ATT02485,EMP0453,2024-11-08,,,,absent
ATT02486,EMP0174,2024-10-01,,,,absent
ATT02487,EMP0285,2024-11-27,,,,absent
ATT02488,EMP0393,2024-11-18,09:04:06,19:52:36,10.81,wfh
ATT02489,EMP0496,2024-12-24,07:02:14,17:24:54,10.38,present
ATT02490,EMP0029,2024-10-02,08:41:21,19:16:39,10.59,present
ATT02491,EMP0235,2024-11-04,08:29:19,17:37:39,9.14,present
ATT02492,EMP0277,2024-12-13,07:25:02,18:45:57,11.35,present
ATT02493,EMP0351,2024-11-05,09:53:43,16:42:50,6.82,late
ATT02494,EMP0242,2024-12-11,,,,holiday
ATT02495,EMP0099,2024-12-09,08:50:51,16:48:46,7.97,present
ATT02496,EMP0386,2024-12-20,09:12:31,16:37:19,7.41,present
ATT02497,EMP0010,2024-11-11,07:21:52,17:45:38,10.4,present
ATT02498,EMP0344,2024-12-17,08:43:03,17:35:04,8.87,present
ATT02499,EMP0357,2024-10-22,09:13:23,17:12:25,7.98,present
ATT02500,EMP0300,2024-12-26,08:09:37,19:29:00,11.32,present
ATT02501,EMP0393,2024-10-14,08:17:11,17:21:59,9.08,present
ATT02502,EMP0229,2024-10-04,,,,absent
ATT02503,EMP0236,2024-12-16,07:04:38,17:40:57,10.61,present
ATT02504,EMP0110,2024-12-04,08:46:08,18:10:25,9.4,present
ATT02505,EMP0289,2024-10-14,09:23:11,17:27:36,8.07,late
ATT02506,EMP0364,2024-12-20,,,,absent
ATT02507,EMP0242,2024-10-03,09:14:48,16:47:45,7.55,present
ATT02508,EMP0444,2024-11-12,08:29:23,18:32:00,10.04,present
ATT02509,EMP0078,2024-10-03,07:55:53,,,present
ATT02510,EMP0054,2024-10-23,08:14:12,18:34:14,10.33,wfh
ATT02511,EMP0277,2024-12-03,08:52:19,17:43:53,8.86,present
ATT02512,EMP0289,2024-11-01,09:15:26,18:28:15,9.21,late
ATT02513,EMP0243,2024-10-02,,,,absent
ATT02514,EMP0186,2024-10-15,08:54:05,20:19:21,11.42,present
ATT02515,EMP0354,2024-10-01,08:24:36,17:49:44,9.42,wfh
ATT02516,EMP0490,2024-12-05,09:22:01,17:47:05,8.42,late
ATT02517,EMP0087,2024-10-14,08:03:58,17:09:58,9.1,present
ATT02518,EMP0293,2024-12-04,08:15:12,17:36:21,9.35,present
ATT02519,EMP0208,2024-12-31,08:32:40,20:36:37,12.07,present
ATT02520,EMP0193,2024-10-22,07:59:14,18:51:48,10.88,present
ATT02521,EMP0292,2024-12-26,08:29:06,20:59:31,12.51,present
ATT02522,EMP0290,2024-11-21,07:54:31,16:36:02,8.69,present
ATT02523,EMP0454,2024-10-16,09:41:32,20:58:03,11.28,late
ATT02524,EMP0432,2024-10-24,08:19:04,17:16:58,8.96,present
ATT02525,EMP0308,2024-11-21,09:06:00,18:05:25,8.99,present
ATT02526,EMP0246,2024-11-01,08:34:51,17:48:40,9.23,wfh
ATT02527,EMP0047,2024-10-17,09:08:37,18:13:15,9.08,present
ATT02528,EMP0348,2024-10-25,08:24:35,18:07:48,9.72,present
ATT02529,EMP0172,2024-10-16,08:29:48,19:29:29,10.99,present
ATT02530,EMP0388,2024-12-11,09:18:00,19:17:14,9.99,late
ATT02531,EMP0085,2024-12-17,08:20:41,20:43:40,12.38,present
ATT02532,EMP0165,2024-10-31,09:13:14,17:40:48,8.46,present
ATT02533,EMP0101,2024-10-25,08:48:15,16:37:14,7.82,present
ATT02534,EMP0384,2024-12-25,,,,absent
ATT02535,EMP0375,2024-10-14,07:16:37,19:47:53,12.52,present
ATT02536,EMP0287,2024-10-09,09:11:28,18:58:48,9.79,present
ATT02537,EMP0456,2024-11-15,,,,absent
ATT02538,EMP0467,2024-12-04,08:57:16,18:07:49,9.18,present
ATT02539,EMP0165,2024-10-23,07:19:34,18:57:34,11.63,present
ATT02540,EMP0063,2024-12-02,07:37:19,20:46:51,13.16,present
ATT02541,EMP0437,2024-11-21,,,,absent
ATT02542,EMP0237,2024-12-26,,,,absent
ATT02543,EMP0031,2024-11-26,07:53:07,17:22:24,9.49,present
ATT02544,EMP0279,2024-12-30,07:54:21,18:10:30,10.27,present
ATT02545,EMP0078,2024-10-01,07:29:38,18:52:37,11.38,wfh
ATT02546,EMP0370,2024-10-25,,,,absent
ATT02547,EMP0078,2024-12-04,09:14:19,20:26:53,11.21,present
ATT02548,EMP0313,2024-10-01,07:06:06,16:45:36,9.66,present
ATT02549,EMP0458,2024-10-03,08:25:19,20:23:18,11.97,present
ATT02550,EMP0474,2024-10-09,09:11:22,19:21:29,10.17,present
ATT02551,EMP0041,2024-12-11,07:32:36,20:09:10,12.61,present
ATT02552,EMP0135,2024-11-29,08:43:36,17:18:32,8.58,present
ATT02553,EMP0264,2024-11-19,08:17:43,16:54:13,8.61,present
ATT02554,EMP0105,2024-11-07,09:53:32,18:43:24,8.83,late
ATT02555,EMP0084,2024-11-19,08:54:22,19:00:53,10.11,present
ATT02556,EMP0299,2024-10-31,08:24:46,17:59:55,9.59,present
ATT02557,EMP0317,2024-10-29,09:11:55,19:04:13,9.87,present
ATT02558,EMP0358,2024-11-27,08:08:59,19:50:35,11.69,present
ATT02559,EMP0467,2024-11-19,08:02:39,20:56:28,12.9,present
ATT02560,EMP0005,2024-10-10,08:28:38,18:29:02,10.01,present
ATT02561,EMP0055,2024-12-26,09:03:36,19:09:24,10.1,present
ATT02562,EMP0331,2024-11-01,,,,absent
ATT02563,EMP0100,2024-11-15,07:31:29,17:56:47,10.42,wfh
ATT02564,EMP0465,2024-12-19,08:04:42,17:03:28,8.98,present
ATT02565,EMP0084,2024-12-13,07:22:07,17:35:38,10.23,present
ATT02566,EMP0046,2024-12-09,,,,leave
ATT02567,EMP0348,2024-12-05,08:11:11,16:43:34,8.54,present
ATT02568,EMP0006,2024-12-25,09:14:10,18:12:10,8.97,present
ATT02569,EMP0220,2024-10-10,09:27:43,17:03:50,7.6,late
ATT02570,EMP0369,2024-12-05,07:13:39,17:16:17,10.04,present
ATT02571,EMP0003,2024-10-31,08:01:50,19:52:45,11.85,present
ATT02572,EMP0295,2024-10-18,09:39:36,18:45:14,9.09,late
ATT02573,EMP0424,2024-10-16,,,,absent
ATT02574,EMP0195,2024-11-01,09:14:00,19:39:22,10.42,present
ATT02575,EMP0275,2024-10-15,09:02:12,18:28:34,9.44,wfh
ATT02576,EMP0479,2024-12-04,08:20:49,17:38:19,9.29,present
ATT02577,EMP0035,2024-10-24,,,,absent
ATT02578,EMP0122,2024-10-08,07:08:32,18:15:30,11.12,wfh
ATT02579,EMP0023,2024-12-23,,,,leave
ATT02580,EMP0045,2024-12-17,09:13:03,16:55:24,7.71,present
ATT02581,EMP0378,2024-11-26,08:16:33,18:18:34,10.03,present
ATT02582,EMP0437,2024-10-02,08:49:21,17:06:07,8.28,present
ATT02583,EMP0005,2024-12-25,08:40:48,16:38:10,7.96,present
ATT02584,EMP0160,2024-10-16,08:22:19,17:33:51,9.19,present
ATT02585,EMP0318,2024-11-25,07:20:15,20:26:48,13.11,present
ATT02586,EMP0359,2024-11-27,08:08:23,18:51:01,10.71,present
ATT02587,EMP0448,2024-11-21,08:35:55,19:35:33,10.99,present
ATT02588,EMP0139,2024-10-25,09:07:34,19:01:43,9.9,present
ATT02589,EMP0362,2024-12-23,09:17:14,17:10:07,7.88,late
ATT02590,EMP0268,2024-11-07,07:56:04,20:02:57,12.11,present
ATT02591,EMP0268,2024-12-02,07:39:45,18:35:25,10.93,present
ATT02592,EMP0081,2024-11-14,08:59:13,17:34:51,8.59,present
ATT02593,EMP0171,2024-12-24,08:36:33,20:10:58,11.57,present
ATT02594,EMP0493,2024-10-21,08:31:12,17:16:51,8.76,present
ATT02595,EMP0268,2024-10-16,07:51:19,18:51:26,11.0,present
ATT02596,EMP0402,2024-12-31,07:36:52,17:30:58,9.9,wfh
ATT02597,EMP0124,2024-11-25,09:09:25,18:19:07,9.16,present
ATT02598,EMP0343,2024-10-15,,,,absent
ATT02599,EMP0131,2024-10-14,08:00:15,17:48:11,9.8,present
ATT02600,EMP0025,2024-11-15,,,,absent
ATT02601,EMP0207,2024-10-08,08:35:32,16:45:00,8.16,present
ATT02602,EMP0095,2024-12-03,07:20:05,16:35:33,9.26,present
ATT02603,EMP0497,2024-12-11,08:19:21,17:09:01,8.83,present
ATT02604,EMP0136,2024-11-01,07:43:10,16:32:46,8.83,present
ATT02605,EMP0044,2024-12-23,09:38:19,18:17:04,8.65,late
ATT02606,EMP0181,2024-11-07,08:17:33,20:39:08,12.36,present
ATT02607,EMP0281,2024-11-14,09:13:44,17:03:55,7.84,present
ATT02608,EMP0209,2024-10-28,08:25:26,17:55:29,9.5,present
ATT02609,EMP0272,2024-10-10,08:41:47,16:54:06,8.21,present
ATT02610,EMP0262,2024-11-18,08:10:25,20:16:17,12.1,present
ATT02611,EMP0350,2024-12-17,07:52:03,17:55:46,10.06,present
ATT02612,EMP0027,2024-12-16,08:03:30,18:18:47,10.25,present
ATT02613,EMP0286,2024-11-04,08:59:51,17:12:00,8.2,present
ATT02614,EMP0376,2024-11-08,,,,absent
ATT02615,EMP0465,2024-11-14,08:23:32,20:09:57,11.77,present
ATT02616,EMP0183,2024-12-30,07:44:35,17:25:34,9.68,present
ATT02617,EMP0119,2024-11-22,,,,absent
ATT02618,EMP0139,2024-12-06,,,,leave
ATT02619,EMP0406,2024-11-22,09:10:00,19:03:50,9.9,wfh
ATT02620,EMP0262,2024-10-24,,,,absent
ATT02621,EMP0344,2024-10-09,07:55:16,18:28:38,10.56,present
ATT02622,EMP0205,2024-11-28,07:14:08,19:31:04,12.28,present
ATT02623,EMP0035,2024-12-19,,,,absent
ATT02624,EMP0284,2024-11-19,08:47:42,18:32:45,9.75,present
ATT02625,EMP0453,2024-10-09,07:39:40,20:00:06,12.34,present
ATT02626,EMP0251,2024-12-04,08:02:46,17:36:27,9.56,present
ATT02627,EMP0286,2024-11-28,08:38:54,20:42:08,12.05,wfh
ATT02628,EMP0221,2024-10-15,07:39:08,18:04:36,10.42,present
ATT02629,EMP0229,2024-12-10,07:02:07,17:35:46,10.56,present
ATT02630,EMP0099,2024-11-06,,,,absent
ATT02631,EMP0472,2024-10-02,09:23:15,17:45:09,8.37,late
ATT02632,EMP0379,2024-10-07,08:28:53,16:56:17,8.46,present
ATT02633,EMP0344,2024-11-28,08:41:54,17:48:30,9.11,present
ATT02634,EMP0493,2024-11-27,09:47:10,17:21:34,7.57,late
ATT02635,EMP0064,2024-10-08,09:14:23,18:51:07,9.61,wfh
ATT02636,EMP0311,2024-11-25,07:27:53,17:51:38,10.4,present
ATT02637,EMP0473,2024-10-04,09:20:18,17:01:57,7.69,late
ATT02638,EMP0429,2024-10-18,08:21:53,20:19:44,11.96,present
ATT02639,EMP0144,2024-10-17,,,,absent
ATT02640,EMP0247,2024-10-17,07:50:19,17:19:35,9.49,present
ATT02641,EMP0383,2024-10-03,09:30:37,19:10:24,9.66,late
ATT02642,EMP0088,2024-11-28,07:22:38,17:33:59,10.19,present
ATT02643,EMP0181,2024-12-18,08:15:44,17:11:19,8.93,present
ATT02644,EMP0438,2024-12-09,09:09:50,20:46:28,11.61,present
ATT02645,EMP0035,2024-10-31,07:48:59,19:45:50,11.95,present
ATT02646,EMP0104,2024-10-04,08:30:10,,,present
ATT02647,EMP0262,2024-12-05,09:34:12,18:12:40,8.64,late
ATT02648,EMP0144,2024-11-26,08:55:19,20:33:31,11.64,present
ATT02649,EMP0166,2024-10-15,07:38:55,19:23:30,11.74,wfh
ATT02650,EMP0438,2024-10-31,07:21:57,19:48:45,12.45,present
ATT02651,EMP0003,2024-10-15,08:14:57,16:56:10,8.69,present
ATT02652,EMP0111,2024-12-18,08:58:36,16:54:51,7.94,present
ATT02653,EMP0039,2024-10-02,07:17:59,16:50:18,9.54,present
ATT02654,EMP0097,2024-12-13,07:18:30,19:03:40,11.75,present
ATT02655,EMP0487,2024-10-09,07:46:03,18:00:38,10.24,present
ATT02656,EMP0049,2024-11-26,07:26:44,18:30:14,11.06,present
ATT02657,EMP0066,2024-11-29,08:26:08,18:56:10,10.5,present
ATT02658,EMP0131,2024-11-01,08:24:44,17:08:23,8.73,present
ATT02659,EMP0216,2024-11-15,08:38:09,16:37:26,7.99,wfh
ATT02660,EMP0282,2024-11-29,08:14:03,17:45:17,9.52,present
ATT02661,EMP0023,2024-12-18,09:00:58,17:43:21,8.71,present
ATT02662,EMP0174,2024-10-08,09:44:15,17:45:07,8.01,late
ATT02663,EMP0311,2024-10-17,08:11:52,17:25:19,9.22,present
ATT02664,EMP0492,2024-12-18,07:16:31,18:26:36,11.17,present
ATT02665,EMP0453,2024-11-04,07:56:00,17:33:17,9.62,present
ATT02666,EMP0080,2024-12-23,,,,absent
ATT02667,EMP0379,2024-10-09,07:58:39,17:13:21,9.24,present
ATT02668,EMP0223,2024-12-04,08:33:47,18:28:51,9.92,present
ATT02669,EMP0413,2024-10-04,08:10:10,17:53:50,9.73,present
ATT02670,EMP0143,2024-10-11,09:12:20,19:43:26,10.52,wfh
ATT02671,EMP0032,2024-10-02,09:07:50,,,present
ATT02672,EMP0251,2024-11-20,09:20:22,17:55:38,8.59,late
ATT02673,EMP0435,2024-11-07,,,,absent
ATT02674,EMP0187,2024-10-02,07:50:10,17:27:49,9.63,present
ATT02675,EMP0004,2024-11-19,07:47:19,20:46:49,12.99,present
ATT02676,EMP0217,2024-10-23,07:25:20,16:31:46,9.11,present
ATT02677,EMP0023,2024-11-07,07:09:38,16:48:02,9.64,present
ATT02678,EMP0276,2024-10-08,09:10:03,19:19:53,10.16,present
ATT02679,EMP0041,2024-10-14,08:26:04,18:19:09,9.88,present
ATT02680,EMP0348,2024-11-22,08:32:31,17:53:47,9.35,present
ATT02681,EMP0403,2024-10-17,09:05:20,18:42:03,9.61,present
ATT02682,EMP0136,2024-11-29,09:14:18,17:41:15,8.45,present
ATT02683,EMP0397,2024-10-31,07:25:39,20:38:09,13.21,present
ATT02684,EMP0350,2024-12-03,09:11:47,16:53:27,7.69,present
ATT02685,EMP0216,2024-11-13,08:23:51,18:36:14,10.21,present
ATT02686,EMP0239,2024-11-29,08:12:19,17:43:36,9.52,present
ATT02687,EMP0092,2024-10-08,08:37:01,18:20:54,9.73,present
ATT02688,EMP0228,2024-12-09,07:47:49,17:50:44,10.05,present
ATT02689,EMP0045,2024-10-07,08:11:32,20:35:44,12.4,present
ATT02690,EMP0039,2024-12-12,07:21:29,17:15:52,9.91,present
ATT02691,EMP0308,2024-10-02,08:06:57,17:15:01,9.13,present
ATT02692,EMP0413,2024-10-03,08:14:17,18:15:40,10.02,present
ATT02693,EMP0257,2024-12-16,09:03:03,17:14:27,8.19,present
ATT02694,EMP0351,2024-10-10,,,,absent
ATT02695,EMP0303,2024-11-15,08:06:54,17:09:18,9.04,present
ATT02696,EMP0030,2024-11-12,09:31:01,18:12:45,8.7,late
ATT02697,EMP0304,2024-12-30,08:10:03,17:14:22,9.07,present
ATT02698,EMP0462,2024-11-07,09:35:58,17:25:03,7.82,late
ATT02699,EMP0427,2024-11-04,,,,absent
ATT02700,EMP0364,2024-11-20,07:15:52,17:20:06,10.07,present
ATT02701,EMP0190,2024-12-05,07:31:45,17:23:22,9.86,present
ATT02702,EMP0004,2024-12-10,08:34:54,20:03:51,11.48,present
ATT02703,EMP0310,2024-12-20,08:17:40,16:38:09,8.34,present
ATT02704,EMP0242,2024-10-29,07:57:41,18:21:25,10.4,present
ATT02705,EMP0208,2024-11-27,08:04:05,17:23:52,9.33,wfh
ATT02706,EMP0007,2024-11-07,,,,absent
ATT02707,EMP0100,2024-12-02,,,,leave
ATT02708,EMP0008,2024-10-14,08:54:05,17:20:14,8.44,present
ATT02709,EMP0243,2024-11-26,09:46:49,17:37:05,7.84,late
ATT02710,EMP0158,2024-10-23,07:52:46,18:57:01,11.07,present
ATT02711,EMP0250,2024-11-01,09:29:46,18:39:16,9.16,late
ATT02712,EMP0176,2024-10-18,09:54:45,20:07:21,10.21,late
ATT02713,EMP0292,2024-11-14,09:07:54,18:22:31,9.24,present
ATT02714,EMP0112,2024-10-10,09:40:27,17:11:32,7.52,late
ATT02715,EMP0405,2024-11-01,09:10:08,18:26:15,9.27,wfh
ATT02716,EMP0426,2024-10-28,,,,holiday
ATT02717,EMP0135,2024-11-08,07:53:50,19:07:47,11.23,present
ATT02718,EMP0190,2024-11-28,08:08:54,17:42:42,9.56,present
ATT02719,EMP0058,2024-10-11,08:42:23,19:15:20,10.55,present
ATT02720,EMP0010,2024-10-07,09:15:55,16:44:27,7.48,late
ATT02721,EMP0367,2024-10-08,,,,absent
ATT02722,EMP0413,2024-12-13,,,,absent
ATT02723,EMP0435,2024-10-08,07:20:02,18:09:03,10.82,present
ATT02724,EMP0005,2024-12-12,08:38:35,19:32:51,10.9,present
ATT02725,EMP0321,2024-11-14,08:42:41,19:38:28,10.93,present
ATT02726,EMP0150,2024-10-02,08:56:04,18:12:43,9.28,present
ATT02727,EMP0055,2024-12-09,,,,absent
ATT02728,EMP0251,2024-12-18,07:44:27,16:59:59,9.26,present
ATT02729,EMP0135,2024-10-24,09:52:02,17:02:05,7.17,late
ATT02730,EMP0397,2024-10-01,08:48:48,19:46:06,10.95,present
ATT02731,EMP0290,2024-11-28,07:46:13,17:31:53,9.76,present
ATT02732,EMP0485,2024-12-19,08:33:32,17:34:38,9.02,present
ATT02733,EMP0199,2024-11-01,,,,absent
ATT02734,EMP0054,2024-10-30,07:02:17,19:42:07,12.66,present
ATT02735,EMP0378,2024-12-16,08:15:35,17:26:32,9.18,present
ATT02736,EMP0192,2024-10-30,08:45:34,18:05:33,9.33,present
ATT02737,EMP0256,2024-10-08,09:05:59,19:59:38,10.89,present
ATT02738,EMP0143,2024-11-12,07:22:40,16:51:37,9.48,present
ATT02739,EMP0271,2024-10-31,08:21:25,17:24:30,9.05,present
ATT02740,EMP0007,2024-10-25,07:33:02,16:45:09,9.2,present
ATT02741,EMP0291,2024-12-05,09:07:10,16:53:40,7.78,present
ATT02742,EMP0223,2024-11-01,09:58:42,18:28:09,8.49,late
ATT02743,EMP0048,2024-11-14,09:03:29,17:22:26,8.32,wfh
ATT02744,EMP0293,2024-12-23,08:01:29,17:46:46,9.75,present
ATT02745,EMP0018,2024-10-23,09:12:01,17:03:49,7.86,present
ATT02746,EMP0003,2024-12-18,09:53:28,18:06:41,8.22,late
ATT02747,EMP0068,2024-10-16,09:37:18,17:26:29,7.82,late
ATT02748,EMP0214,2024-10-29,07:16:24,20:16:36,13.0,present
ATT02749,EMP0138,2024-10-01,09:42:24,19:28:23,9.77,late
ATT02750,EMP0277,2024-10-30,07:55:35,18:48:31,10.88,wfh
ATT02751,EMP0060,2024-10-30,,,,absent
ATT02752,EMP0335,2024-10-22,07:05:27,18:22:27,11.28,present
ATT02753,EMP0334,2024-12-26,07:22:42,18:52:25,11.5,present
ATT02754,EMP0468,2024-10-01,,,,absent
ATT02755,EMP0440,2024-12-04,07:19:15,17:32:03,10.21,present
ATT02756,EMP0361,2024-10-17,09:10:28,17:37:59,8.46,present
ATT02757,EMP0279,2024-10-18,07:01:46,16:34:22,9.54,present
ATT02758,EMP0496,2024-10-21,,,,leave
ATT02759,EMP0317,2024-12-17,08:53:22,19:21:48,10.47,present
ATT02760,EMP0130,2024-12-05,07:15:49,20:45:30,13.49,wfh
ATT02761,EMP0472,2024-11-26,,,,absent
ATT02762,EMP0364,2024-12-23,08:50:15,16:51:12,8.02,wfh
ATT02763,EMP0443,2024-12-24,07:24:31,20:06:37,12.7,wfh
ATT02764,EMP0103,2024-10-17,07:53:26,17:23:18,9.5,present
ATT02765,EMP0244,2024-10-08,08:30:43,17:00:54,8.5,present
ATT02766,EMP0456,2024-10-09,,,,absent
ATT02767,EMP0483,2024-11-29,07:09:16,16:34:23,9.42,present
ATT02768,EMP0341,2024-11-07,08:21:20,16:51:03,8.5,present
ATT02769,EMP0388,2024-10-28,08:18:37,16:46:47,8.47,present
ATT02770,EMP0192,2024-10-09,09:00:42,17:36:54,8.6,present
ATT02771,EMP0424,2024-10-17,08:25:40,20:15:33,11.83,present
ATT02772,EMP0324,2024-10-24,08:30:08,18:24:06,9.9,present
ATT02773,EMP0104,2024-12-25,08:13:00,17:51:50,9.65,present
ATT02774,EMP0101,2024-10-01,08:15:33,17:49:42,9.57,wfh
ATT02775,EMP0353,2024-11-07,07:01:01,17:18:14,10.29,present
ATT02776,EMP0393,2024-11-21,08:10:39,18:39:59,10.49,present
ATT02777,EMP0342,2024-10-23,07:01:31,18:06:28,11.08,present
ATT02778,EMP0403,2024-11-11,08:36:41,19:20:17,10.73,present
ATT02779,EMP0084,2024-10-28,08:48:24,17:32:39,8.74,wfh
ATT02780,EMP0039,2024-11-14,08:44:12,18:06:33,9.37,present
ATT02781,EMP0055,2024-11-19,08:51:24,17:09:21,8.3,present
ATT02782,EMP0171,2024-12-26,07:28:49,18:40:25,11.19,present
ATT02783,EMP0171,2024-11-07,07:00:10,17:15:02,10.25,present
ATT02784,EMP0473,2024-10-23,07:14:57,18:02:23,10.79,present
ATT02785,EMP0482,2024-10-21,08:47:29,20:54:54,12.12,present
ATT02786,EMP0042,2024-12-13,07:11:23,17:42:23,10.52,present
ATT02787,EMP0227,2024-11-05,,,,absent
ATT02788,EMP0433,2024-10-23,,,,leave
ATT02789,EMP0475,2024-10-02,08:36:47,16:56:16,8.32,present
ATT02790,EMP0079,2024-10-07,09:48:54,17:49:55,8.02,late
ATT02791,EMP0408,2024-11-06,08:56:58,16:40:04,7.72,present
ATT02792,EMP0033,2024-11-19,08:25:27,16:52:34,8.45,present
ATT02793,EMP0461,2024-10-28,07:54:11,17:37:08,9.72,present
ATT02794,EMP0135,2024-10-23,08:33:35,18:49:17,10.26,present
ATT02795,EMP0080,2024-12-18,,,,absent
ATT02796,EMP0313,2024-12-03,08:40:39,16:48:35,8.13,present
ATT02797,EMP0079,2024-10-18,08:51:12,19:05:20,10.24,present
ATT02798,EMP0465,2024-11-04,,,,absent
ATT02799,EMP0029,2024-10-23,,,,absent
ATT02800,EMP0317,2024-10-16,07:30:25,18:53:35,11.39,present
ATT02801,EMP0270,2024-11-28,09:34:19,17:00:09,7.43,late
ATT02802,EMP0032,2024-12-12,07:51:16,17:16:34,9.42,present
ATT02803,EMP0157,2024-12-10,08:53:25,17:46:04,8.88,present
ATT02804,EMP0120,2024-10-01,07:55:29,17:29:04,9.56,wfh
ATT02805,EMP0214,2024-11-11,,,,absent
ATT02806,EMP0282,2024-12-20,08:23:02,17:04:53,8.7,present
ATT02807,EMP0292,2024-12-03,07:58:34,16:52:09,8.89,present
ATT02808,EMP0257,2024-10-17,08:43:24,17:58:16,9.25,present
ATT02809,EMP0389,2024-11-08,07:38:48,17:42:36,10.06,present
ATT02810,EMP0081,2024-10-14,08:00:24,17:01:16,9.01,wfh
ATT02811,EMP0439,2024-10-03,08:59:50,17:55:32,8.93,present
ATT02812,EMP0421,2024-10-29,08:53:47,17:53:06,8.99,present
ATT02813,EMP0381,2024-10-16,09:35:54,19:42:43,10.11,late
ATT02814,EMP0269,2024-10-14,08:09:56,18:46:31,10.61,present
ATT02815,EMP0299,2024-11-22,08:35:35,17:18:04,8.71,present
ATT02816,EMP0242,2024-10-08,07:14:16,17:17:05,10.05,present
ATT02817,EMP0099,2024-11-07,07:48:04,17:07:54,9.33,present
ATT02818,EMP0163,2024-11-13,08:40:06,18:00:21,9.34,present
ATT02819,EMP0094,2024-10-15,07:44:45,17:10:20,9.43,present
ATT02820,EMP0124,2024-10-22,09:01:28,16:39:19,7.63,present
ATT02821,EMP0271,2024-12-26,08:02:32,18:26:00,10.39,present
ATT02822,EMP0010,2024-12-30,08:47:17,16:55:57,8.14,present
ATT02823,EMP0036,2024-12-04,08:29:06,18:42:52,10.23,present
ATT02824,EMP0270,2024-12-10,08:29:33,17:04:01,8.57,present
ATT02825,EMP0292,2024-10-08,07:06:16,18:48:58,11.71,present
ATT02826,EMP0245,2024-11-11,08:17:20,20:08:48,11.86,present
ATT02827,EMP0451,2024-12-10,07:29:20,20:38:17,13.15,present
ATT02828,EMP0095,2024-10-15,09:44:46,18:01:14,8.27,late
ATT02829,EMP0367,2024-12-31,09:43:16,18:39:40,8.94,late
ATT02830,EMP0228,2024-10-10,08:39:58,20:00:38,11.34,present
ATT02831,EMP0187,2024-11-20,,,,absent
ATT02832,EMP0499,2024-11-14,07:15:38,17:45:14,10.49,present
ATT02833,EMP0282,2024-12-17,08:47:39,18:05:11,9.29,present
ATT02834,EMP0250,2024-11-05,09:06:19,17:00:53,7.91,present
ATT02835,EMP0439,2024-11-25,08:01:14,17:27:48,9.44,present
ATT02836,EMP0385,2024-11-04,08:22:14,17:44:41,9.37,present
ATT02837,EMP0465,2024-11-08,08:02:22,20:59:25,12.95,present
ATT02838,EMP0214,2024-10-02,07:05:43,16:32:01,9.44,present
ATT02839,EMP0103,2024-12-20,08:38:25,18:18:26,9.67,present
ATT02840,EMP0115,2024-10-23,07:10:20,17:25:02,10.24,present
ATT02841,EMP0104,2024-12-09,08:59:18,16:31:17,7.53,present
ATT02842,EMP0082,2024-12-17,,,,absent
ATT02843,EMP0071,2024-10-16,09:33:33,19:29:38,9.93,late
ATT02844,EMP0181,2024-10-25,,,,absent
ATT02845,EMP0158,2024-11-07,,,,absent
ATT02846,EMP0265,2024-10-24,09:50:24,18:32:16,8.7,late
ATT02847,EMP0477,2024-11-29,08:04:29,16:58:41,8.9,present
ATT02848,EMP0423,2024-11-27,07:25:51,17:01:03,9.59,present
ATT02849,EMP0165,2024-10-28,,,,absent
ATT02850,EMP0322,2024-10-08,08:51:29,16:54:04,8.04,present
ATT02851,EMP0341,2024-12-27,08:31:48,17:41:30,9.16,present
ATT02852,EMP0379,2024-10-17,08:36:58,18:38:12,10.02,present
ATT02853,EMP0477,2024-12-12,07:52:59,16:44:33,8.86,present
ATT02854,EMP0092,2024-11-12,09:22:59,17:28:06,8.09,late
ATT02855,EMP0468,2024-11-25,,,,absent
ATT02856,EMP0459,2024-10-15,08:45:48,19:53:03,11.12,present
ATT02857,EMP0424,2024-12-06,07:17:39,16:35:59,9.31,present
ATT02858,EMP0163,2024-11-08,07:17:18,18:05:51,10.81,present
ATT02859,EMP0122,2024-11-29,08:21:54,19:28:17,11.11,present
ATT02860,EMP0148,2024-10-24,07:14:14,18:42:36,11.47,present
ATT02861,EMP0466,2024-11-20,,,,holiday
ATT02862,EMP0292,2024-11-01,09:06:44,18:23:10,9.27,wfh
ATT02863,EMP0233,2024-10-10,07:36:06,20:49:43,13.23,present
ATT02864,EMP0229,2024-11-12,09:28:46,17:23:15,7.91,late
ATT02865,EMP0138,2024-11-13,09:18:19,17:24:40,8.11,late
ATT02866,EMP0162,2024-11-05,08:22:13,19:45:07,11.38,present
ATT02867,EMP0024,2024-11-12,09:09:30,20:15:06,11.09,present
ATT02868,EMP0048,2024-10-15,08:13:36,18:48:27,10.58,present
ATT02869,EMP0454,2024-12-04,,,,absent
ATT02870,EMP0430,2024-12-27,09:32:32,20:45:46,11.22,late
ATT02871,EMP0262,2024-10-04,07:59:58,17:50:47,9.85,present
ATT02872,EMP0236,2024-12-23,08:52:22,19:54:21,11.03,present
ATT02873,EMP0499,2024-12-09,09:03:53,17:55:30,8.86,wfh
ATT02874,EMP0443,2024-11-18,09:12:24,20:42:05,11.49,present
ATT02875,EMP0314,2024-11-28,08:44:05,17:17:36,8.56,present
ATT02876,EMP0289,2024-12-11,07:50:07,20:58:38,13.14,present
ATT02877,EMP0375,2024-11-18,08:28:59,16:43:00,8.23,present
ATT02878,EMP0467,2024-11-28,09:38:35,17:30:55,7.87,late
ATT02879,EMP0122,2024-12-04,07:52:20,20:38:08,12.76,present
ATT02880,EMP0148,2024-12-17,,,,leave
ATT02881,EMP0167,2024-12-10,07:56:45,17:24:08,9.46,present
ATT02882,EMP0246,2024-12-30,08:01:25,17:59:56,9.98,present
ATT02883,EMP0244,2024-10-11,08:48:16,19:19:25,10.52,present
ATT02884,EMP0277,2024-11-06,07:52:37,20:00:06,12.12,present
ATT02885,EMP0172,2024-10-23,09:57:40,18:23:31,8.43,late
ATT02886,EMP0212,2024-11-20,09:29:38,17:16:42,7.78,late
ATT02887,EMP0236,2024-10-03,09:45:44,17:46:34,8.01,late
ATT02888,EMP0368,2024-11-28,08:25:47,17:23:20,8.96,present
ATT02889,EMP0398,2024-11-25,07:38:53,16:40:01,9.02,present
ATT02890,EMP0320,2024-10-16,08:59:11,19:03:00,10.06,present
ATT02891,EMP0490,2024-12-11,07:42:05,17:42:49,10.01,present
ATT02892,EMP0380,2024-10-25,09:00:05,18:27:04,9.45,present
ATT02893,EMP0199,2024-12-05,,,,absent
ATT02894,EMP0369,2024-12-06,08:04:54,20:12:35,12.13,wfh
ATT02895,EMP0257,2024-11-22,08:50:16,17:08:05,8.3,present
ATT02896,EMP0285,2024-11-01,07:00:03,17:41:48,10.7,present
ATT02897,EMP0067,2024-11-12,07:33:54,18:42:24,11.14,present
ATT02898,EMP0009,2024-12-20,08:39:03,19:30:08,10.85,present
ATT02899,EMP0170,2024-10-24,07:43:59,17:04:03,9.33,present
ATT02900,EMP0148,2024-12-05,,,,absent
ATT02901,EMP0498,2024-10-22,,,,absent
ATT02902,EMP0165,2024-11-01,08:42:16,17:31:43,8.82,present
ATT02903,EMP0246,2024-10-22,08:40:15,19:54:57,11.24,present
ATT02904,EMP0176,2024-10-09,,,,leave
ATT02905,EMP0429,2024-11-15,08:20:46,19:04:38,10.73,wfh
ATT02906,EMP0421,2024-11-05,07:08:04,17:56:08,10.8,present
ATT02907,EMP0152,2024-10-29,07:26:13,17:33:46,10.13,present
ATT02908,EMP0269,2024-10-21,08:52:18,17:30:24,8.63,present
ATT02909,EMP0186,2024-11-26,07:40:40,17:53:01,10.21,present
ATT02910,EMP0191,2024-11-07,07:12:26,18:48:07,11.59,present
ATT02911,EMP0465,2024-10-10,09:10:27,17:27:32,8.28,present
ATT02912,EMP0288,2024-12-12,,,,absent
ATT02913,EMP0135,2024-12-20,07:20:58,17:26:54,10.1,present
ATT02914,EMP0138,2024-10-18,08:27:17,16:56:15,8.48,present
ATT02915,EMP0437,2024-10-03,07:14:50,17:45:36,10.51,present
ATT02916,EMP0312,2024-12-03,09:03:42,17:21:08,8.29,present
ATT02917,EMP0073,2024-10-15,08:09:56,19:51:29,11.69,present
ATT02918,EMP0235,2024-12-19,07:11:24,17:29:37,10.3,present
ATT02919,EMP0057,2024-11-19,08:38:54,,,present
ATT02920,EMP0196,2024-10-29,08:36:20,17:59:11,9.38,present
ATT02921,EMP0129,2024-12-04,09:26:58,19:48:16,10.36,late
ATT02922,EMP0424,2024-11-19,,,,absent
ATT02923,EMP0477,2024-10-31,09:34:43,18:48:15,9.23,late
ATT02924,EMP0278,2024-12-30,09:10:27,19:32:07,10.36,present
ATT02925,EMP0292,2024-11-15,,,,absent
ATT02926,EMP0165,2024-12-27,07:04:19,17:14:02,10.16,present
ATT02927,EMP0032,2024-10-21,08:16:01,16:40:35,8.41,present
ATT02928,EMP0313,2024-11-04,08:30:05,18:20:44,9.84,present
ATT02929,EMP0413,2024-10-29,08:38:43,16:54:40,8.27,present
ATT02930,EMP0419,2024-10-04,08:44:56,17:49:30,9.08,present
ATT02931,EMP0444,2024-12-12,08:30:59,16:35:59,8.08,present
ATT02932,EMP0211,2024-10-25,08:36:06,17:01:45,8.43,present
ATT02933,EMP0136,2024-12-18,09:04:24,17:29:10,8.41,present
ATT02934,EMP0293,2024-12-19,09:41:11,19:25:46,9.74,late
ATT02935,EMP0081,2024-12-17,07:13:09,17:20:32,10.12,present
ATT02936,EMP0259,2024-11-27,08:04:34,16:35:39,8.52,wfh
ATT02937,EMP0263,2024-11-04,09:37:42,20:29:49,10.87,late
ATT02938,EMP0119,2024-12-23,07:46:29,17:38:53,9.87,wfh
ATT02939,EMP0416,2024-10-08,08:31:54,18:48:22,10.27,present
ATT02940,EMP0491,2024-12-03,07:36:41,17:16:46,9.67,present
ATT02941,EMP0095,2024-12-18,,,,absent
ATT02942,EMP0342,2024-10-11,08:17:43,17:04:04,8.77,present
ATT02943,EMP0018,2024-12-05,09:58:13,19:59:29,10.02,late
ATT02944,EMP0201,2024-10-08,07:13:45,19:09:22,11.93,present
ATT02945,EMP0025,2024-10-04,08:41:29,19:06:06,10.41,present
ATT02946,EMP0094,2024-12-25,07:23:35,18:46:54,11.39,present
ATT02947,EMP0042,2024-11-25,07:13:13,16:55:00,9.7,present
ATT02948,EMP0113,2024-11-26,09:38:25,17:02:47,7.41,late
ATT02949,EMP0295,2024-11-04,08:44:09,17:40:16,8.94,present
ATT02950,EMP0073,2024-12-16,09:08:08,20:14:58,11.11,wfh
ATT02951,EMP0019,2024-11-22,07:51:07,16:58:30,9.12,present
ATT02952,EMP0139,2024-10-22,09:11:33,17:05:10,7.89,present
ATT02953,EMP0491,2024-12-10,,,,absent
ATT02954,EMP0337,2024-10-16,,,,absent
ATT02955,EMP0312,2024-10-30,09:07:14,19:22:48,10.26,present
ATT02956,EMP0024,2024-11-05,08:34:22,17:11:00,8.61,present
ATT02957,EMP0074,2024-11-05,,,,leave
ATT02958,EMP0242,2024-12-02,08:08:00,17:39:28,9.52,present
ATT02959,EMP0220,2024-10-28,07:35:18,17:34:30,9.99,present
ATT02960,EMP0327,2024-12-10,08:53:43,17:27:43,8.57,present
ATT02961,EMP0108,2024-10-04,09:02:31,19:48:56,10.77,wfh
ATT02962,EMP0383,2024-11-01,07:40:25,18:04:10,10.4,present
ATT02963,EMP0369,2024-12-26,08:46:46,18:22:21,9.59,present
ATT02964,EMP0152,2024-12-02,07:43:45,16:30:23,8.78,present
ATT02965,EMP0079,2024-12-05,07:02:32,17:39:19,10.61,present
ATT02966,EMP0397,2024-12-03,09:08:49,18:45:08,9.61,present
ATT02967,EMP0425,2024-11-07,07:27:56,17:13:44,9.76,present
ATT02968,EMP0104,2024-10-28,07:00:13,19:00:28,12.0,present
ATT02969,EMP0411,2024-12-18,07:08:15,18:02:09,10.9,present
ATT02970,EMP0003,2024-11-20,09:10:33,17:00:45,7.84,present
ATT02971,EMP0229,2024-12-24,09:57:17,17:56:52,7.99,late
ATT02972,EMP0223,2024-11-08,09:04:12,20:21:51,11.29,present
ATT02973,EMP0080,2024-11-11,07:36:07,19:49:36,12.22,present
ATT02974,EMP0273,2024-12-16,07:54:35,16:57:38,9.05,present
ATT02975,EMP0054,2024-12-30,07:55:26,19:14:07,11.31,present
ATT02976,EMP0220,2024-10-07,,,,absent
ATT02977,EMP0299,2024-12-10,,,,absent
ATT02978,EMP0056,2024-10-09,08:53:57,19:39:24,10.76,wfh
ATT02979,EMP0031,2024-12-31,08:30:46,18:00:15,9.49,present
ATT02980,EMP0113,2024-12-09,09:15:16,18:17:58,9.05,late
ATT02981,EMP0386,2024-12-27,08:04:01,,,present
ATT02982,EMP0073,2024-12-30,,,,absent
ATT02983,EMP0244,2024-10-07,08:06:27,19:16:37,11.17,present
ATT02984,EMP0060,2024-10-02,,,,absent
ATT02985,EMP0310,2024-10-22,08:00:01,18:18:50,10.31,present
ATT02986,EMP0061,2024-12-03,,,,absent
ATT02987,EMP0416,2024-11-08,09:50:01,17:21:46,7.53,late
ATT02988,EMP0357,2024-11-01,09:46:26,18:09:37,8.39,late
ATT02989,EMP0311,2024-12-17,,,,absent
ATT02990,EMP0341,2024-11-15,09:59:10,16:48:08,6.82,late
ATT02991,EMP0500,2024-12-11,08:06:07,18:00:20,9.9,present
ATT02992,EMP0201,2024-12-18,07:41:39,19:39:36,11.97,present
ATT02993,EMP0484,2024-11-15,09:06:06,17:07:21,8.02,present
ATT02994,EMP0081,2024-10-25,07:45:21,18:10:44,10.42,wfh
ATT02995,EMP0129,2024-11-07,07:44:10,17:42:50,9.98,present
ATT02996,EMP0443,2024-10-28,08:59:03,18:32:53,9.56,present
ATT02997,EMP0459,2024-12-31,,,,leave
ATT02998,EMP0013,2024-10-18,08:12:29,20:40:19,12.46,wfh
ATT02999,EMP0485,2024-11-21,07:22:58,18:47:03,11.4,present
ATT03000,EMP0157,2024-10-28,09:46:25,17:21:47,7.59,late
